-- phpMyAdmin SQL Dump
-- version 3.2.0.1
-- http://www.phpmyadmin.net
--
-- Host: localhost
-- Generation Time: Aug 05, 2017 at 01:15 PM
-- Server version: 5.1.36
-- PHP Version: 5.3.0

SET SQL_MODE="NO_AUTO_VALUE_ON_ZERO";


/*!40101 SET @OLD_CHARACTER_SET_CLIENT=@@CHARACTER_SET_CLIENT */;
/*!40101 SET @OLD_CHARACTER_SET_RESULTS=@@CHARACTER_SET_RESULTS */;
/*!40101 SET @OLD_COLLATION_CONNECTION=@@COLLATION_CONNECTION */;
/*!40101 SET NAMES utf8 */;

--
-- Database: `wingerso_bms_branch`
--

--
-- Dumping data for table `acc_category`
--

INSERT INTO `acc_category` (`acc_category_id`, `acc_group_id`, `category_code`, `acc_category_name`, `acc_category_desc`, `order_category`, `is_active`, `is_deleted`, `add_date`, `add_by`, `last_edit_date`, `last_edit_by`) VALUES
(1, 1, '1-00-000', 'Cash and Cash Equivalents', '', 1, 1, 0, '2016-12-13 12:33:00', 1, NULL, NULL),
(2, 1, '1-00-010', 'Receivables', '', 2, 1, 0, '2016-12-13 12:33:00', 1, NULL, NULL),
(3, 1, '1-00-020', 'Inventory', '', 3, 1, 0, '2016-12-13 12:33:00', 1, NULL, NULL),
(4, 1, '1-00-030', 'Prepaid Expenses', '', 4, 1, 0, '2016-12-13 12:33:00', 1, NULL, NULL),
(5, 1, '1-00-040', 'Other Current Assets', '', 5, 1, 0, '2016-12-13 12:33:00', 1, NULL, NULL),
(6, 2, '1-10-000', 'Investments', '', 6, 1, 0, '2016-12-13 12:33:00', 1, NULL, NULL),
(7, 3, '1-20-000', 'Property, Plant & Equipment', '', 7, 1, 0, '2016-12-13 12:33:00', 1, NULL, NULL),
(8, 3, '1-20-010', 'Accumulated Depreciation', '', 8, 1, 0, '2016-12-13 12:33:00', 1, NULL, NULL),
(9, 3, '1-20-020', 'Other Noncurrent Assets', '', 9, 1, 0, '2016-12-13 12:33:00', 1, NULL, NULL),
(10, 4, '2-00-000', 'Payables', '', 10, 1, 0, '2016-12-13 12:33:00', 1, NULL, NULL),
(11, 4, '2-00-010', 'Accrued Compensation', '', 11, 1, 0, '2016-12-13 12:33:00', 1, NULL, NULL),
(12, 4, '2-00-020', 'Accrued Taxes', '', 12, 1, 0, '2016-12-13 12:33:00', 1, NULL, NULL),
(13, 4, '2-00-030', 'Other Current Liabilities', '', 13, 1, 0, '2016-12-13 12:33:00', 1, NULL, NULL),
(14, 5, '2-10-000', 'Long Term Debt', '', 14, 1, 0, '2016-12-13 12:33:00', 1, NULL, NULL),
(15, 5, '2-10-010', 'Deferred Taxes', '', 15, 1, 0, '2016-12-13 12:33:00', 1, NULL, NULL),
(16, 5, '2-10-020', 'Other Noncurrent Liabilities', '', 16, 1, 0, '2016-12-13 12:33:00', 1, NULL, NULL),
(17, 6, '3-10-000', 'Equity', '', 17, 1, 0, '2016-12-13 12:33:00', 1, NULL, NULL),
(18, 7, '4-10-000', 'Sales', '', 18, 1, 0, '2016-12-13 12:33:00', 1, NULL, NULL),
(19, 8, '4-20-000', 'Non-Operating Revenue', '', 19, 1, 0, '2016-12-13 12:33:00', 1, NULL, NULL),
(20, 9, '5-10-000', 'Cost of Sales(Goods Sold)', '', 20, 1, 0, '2016-12-13 12:33:00', 1, NULL, NULL),
(21, 10, '5-20-000', 'Advertisement', '', 21, 1, 0, '2016-12-13 12:33:00', 1, NULL, NULL),
(22, 10, '5-20-010', 'Audit Expenses', '', 22, 1, 0, '2016-12-13 12:33:00', 1, NULL, NULL),
(23, 10, '5-20-020', 'Bad Debts', '', 23, 1, 0, '2016-12-13 12:33:00', 1, NULL, NULL),
(24, 10, '5-20-030', 'Commission', '', 24, 1, 0, '2016-12-13 12:33:00', 1, NULL, NULL),
(25, 10, '5-20-040', 'Computer Expenses', '', 25, 1, 0, '2016-12-13 12:33:00', 1, NULL, NULL),
(26, 10, '5-20-050', 'Donations', '', 26, 1, 0, '2016-12-13 12:33:00', 1, NULL, NULL),
(27, 10, '5-20-060', 'Entertainment', '', 27, 1, 0, '2016-12-13 12:33:00', 1, NULL, NULL),
(28, 10, '5-20-070', 'Freight and Transport', '', 28, 1, 0, '2016-12-13 12:33:00', 1, NULL, NULL),
(29, 10, '5-20-080', 'Gift Expenses', '', 29, 1, 0, '2016-12-13 12:33:00', 1, NULL, NULL),
(30, 10, '5-20-090', 'Hotel, Boarding and Lodging Expenses', '', 30, 1, 0, '2016-12-13 12:33:00', 1, NULL, NULL),
(31, 10, '5-20-100', 'Legal expenses', '', 31, 1, 0, '2016-12-13 12:33:00', 1, NULL, NULL),
(32, 10, '5-20-110', 'Utility Expenses', '', 32, 1, 0, '2016-12-13 12:33:00', 1, NULL, NULL),
(33, 10, '5-20-120', 'Rent', '', 33, 1, 0, '2016-12-13 12:33:00', 1, NULL, NULL),
(34, 10, '5-20-130', 'Rates', '', 34, 1, 0, '2016-12-13 12:33:00', 1, NULL, NULL),
(35, 10, '5-20-140', 'Repairs & Maintenance', '', 35, 1, 0, '2016-12-13 12:33:00', 1, NULL, NULL),
(36, 10, '5-20-150', 'Sales Promotion', '', 36, 1, 0, '2016-12-13 12:33:00', 1, NULL, NULL),
(37, 10, '5-20-160', 'Staff Welfare Expenses', '', 37, 1, 0, '2016-12-13 12:33:00', 1, NULL, NULL),
(38, 10, '5-20-170', 'Startup cost/ pre- operating expenses', '', 38, 1, 0, '2016-12-13 12:33:00', 1, NULL, NULL),
(39, 10, '5-20-180', 'Stationery and printing', '', 39, 1, 0, '2016-12-13 12:33:00', 1, NULL, NULL),
(40, 10, '5-20-190', 'Subsistence Allowance', '', 40, 1, 0, '2016-12-13 12:33:00', 1, NULL, NULL),
(41, 10, '5-20-200', 'Telephone Expenses', '', 41, 1, 0, '2016-12-13 12:33:00', 1, NULL, NULL),
(42, 10, '5-20-210', 'Training Expenditure', '', 42, 1, 0, '2016-12-13 12:33:00', 1, NULL, NULL),
(43, 10, '5-20-220', 'Travelling Expenses including foreign travelling', '', 43, 1, 0, '2016-12-13 12:33:00', 1, NULL, NULL),
(44, 10, '5-20-230', 'Workshop - Conference Expenses', '', 44, 1, 0, '2016-12-13 12:33:00', 1, NULL, NULL),
(45, 10, '5-20-240', 'Internet Expenses', '', 45, 1, 0, '2016-12-13 12:33:00', 1, NULL, NULL),
(46, 10, '5-20-250', 'Depriciation', '', 46, 1, 0, '2016-12-13 12:33:00', 1, NULL, NULL),
(47, 10, '5-20-260', 'Loss on disposal of assets', '', 47, 1, 0, '2016-12-13 12:33:00', 1, NULL, NULL),
(48, 10, '5-20-270', 'Management Fees', '', 48, 1, 0, '2016-12-13 12:33:00', 1, NULL, NULL),
(49, 10, '5-20-280', 'Scientific Research Expenses', '', 49, 1, 0, '2016-12-13 12:33:00', 1, NULL, NULL),
(50, 10, '5-20-290', 'Employment Expenses', '', 50, 1, 0, '2016-12-13 12:33:00', 1, NULL, NULL),
(51, 10, '5-20-300', 'Financial Expenses', '', 51, 1, 0, '2016-12-13 12:33:00', 1, NULL, NULL),
(52, 10, '5-20-400', 'Short-Term Insurance Business Expenses', '', 52, 1, 0, '2016-12-13 12:33:00', 1, NULL, NULL),
(53, 10, '5-20-410', 'Income Tax Expense', '', 53, 1, 0, '2016-12-13 12:33:00', 1, NULL, NULL),
(54, 10, '5-20-420', 'Proposed Dividend', '', 54, 1, 0, '2016-12-13 12:33:00', 1, NULL, NULL),
(55, 10, '5-20-430', 'Other Operating Expenses', '', 55, 1, 0, '2016-12-13 12:33:00', 1, NULL, NULL),
(56, 11, '5-30-000', 'Non-Operating Expenses', '', 56, 1, 0, '2016-12-13 12:33:00', 1, NULL, NULL);

--
-- Dumping data for table `acc_class`
--

INSERT INTO `acc_class` (`acc_class_id`, `acc_class_name`, `acc_class_desc`, `is_active`, `is_deleted`, `add_date`, `add_by`, `last_edit_date`, `last_edit_by`) VALUES
(1, 'Personal Account', 'Personal accounts can be Natural (related to any individual like David, George, Ram, etc.,) or Artificial (related to any artificial person like M/s ABC Ltd, M/s General Trading, M/s Reliance Industries, etc., or Representative (represents a group of account, If there are a number of accounts of similar nature, it is better to group them like salary payable account, rent payable account, insurance prepaid account, interest receivable account, capital account and drawing account, etc.)', 1, 0, '2016-11-11 07:46:00', 1, NULL, NULL),
(2, 'Real Account', 'Every Business has some assets and every asset has an account. Thus, asset account is called a real account. There are two type of assets: Tangible assets are touchable assets such as plant, machinery, furniture, stock, cash, etc. Intangible assets are non-touchable assets such as goodwill, patent, copyrights, etc. Accounting treatment for both type of assets is same.', 1, 0, '2016-11-11 07:46:00', 1, NULL, NULL),
(3, 'Nominal Account', 'Since this account does not represent any tangible asset, it is called nominal or fictitious account. All kinds of expense account, loss account, gain account or income accounts come under the category of nominal account. For example, rent account, salary account, electricity expenses account, interest income account, etc.', 1, 0, '2016-11-11 07:46:00', 1, NULL, NULL);

--
-- Dumping data for table `acc_coa`
--

INSERT INTO `acc_coa` (`acc_coa_id`, `account_code`, `account_name`, `account_desc`, `acc_class_id`, `acc_type_id`, `acc_group_id`, `acc_category_id`, `order_coa`, `is_active`, `is_deleted`, `is_child`, `is_transactor_mandatory`, `is_system_account`, `add_date`, `add_by`, `last_edit_date`, `last_edit_by`) VALUES
(1, '1-00-000-010', 'CASH Cash on Hand', '', NULL, 1, 1, 1, 1, 1, 0, 0, 0, 1, '2016-12-13 12:55:00', 1, NULL, NULL),
(2, '1-00-000-020', 'CASH Petty Cash', '', NULL, 1, 1, 1, 2, 1, 0, 0, 0, 1, '2016-12-13 12:55:00', 1, NULL, NULL),
(3, '1-00-000-030', 'CASH at Bank', '', NULL, 1, 1, 1, 3, 1, 0, 0, 0, 1, '2016-12-13 12:55:00', 1, NULL, NULL),
(4, '1-00-000-040', 'CASH Debitor', '', NULL, 1, 1, 1, 4, 1, 0, 1, 0, 1, '2016-12-13 12:55:00', 1, NULL, NULL),
(5, '1-00-010-010', 'A/REC Trade', '', NULL, 1, 1, 2, 5, 1, 0, 1, 0, 1, '2016-12-13 12:55:00', 1, NULL, NULL),
(6, '1-00-010-020', 'A/REC Trade Notes Receivable', '', NULL, 1, 1, 2, 6, 1, 0, 1, 0, 1, '2016-12-13 12:55:00', 1, NULL, NULL),
(7, '1-00-010-030', 'A/REC Installment Receivables', '', NULL, 1, 1, 2, 7, 1, 0, 1, 0, 1, '2016-12-13 12:55:00', 1, NULL, NULL),
(8, '1-00-010-040', 'A/REC Retainage Withheld', '', NULL, 1, 1, 2, 8, 1, 0, 1, 0, 1, '2016-12-13 12:55:00', 1, NULL, NULL),
(9, '1-00-010-050', 'A/REC Allowance For Bad Debts (Contra Account)', '', NULL, 1, 1, 2, 9, 1, 0, 1, 0, 1, '2016-12-13 12:55:00', 1, NULL, NULL),
(10, '1-00-010-060', 'A/REC Sales Tax (VAT)', '', NULL, 1, 1, 2, 10, 1, 0, 1, 0, 1, '2016-12-13 12:55:00', 1, NULL, NULL),
(11, '1-00-010-070', 'A/REC Other Receivables', '', NULL, 1, 1, 2, 11, 1, 0, 1, 0, 1, '2016-12-13 12:55:00', 1, NULL, NULL),
(12, '1-00-020-010', 'INV Stores', '', NULL, 1, 1, 3, 12, 1, 0, 1, 0, 1, '2016-12-13 12:55:00', 1, NULL, NULL),
(13, '1-00-020-020', 'INV Raw Materials', '', NULL, 1, 1, 3, 13, 1, 0, 1, 0, 1, '2016-12-13 12:55:00', 1, NULL, NULL),
(14, '1-00-020-030', 'INV Work-in-Progress', '', NULL, 1, 1, 3, 14, 1, 0, 1, 0, 1, '2016-12-13 12:55:00', 1, NULL, NULL),
(15, '1-00-020-040', 'INV Finished Goods', '', NULL, 1, 1, 3, 15, 1, 0, 1, 0, 1, '2016-12-13 12:55:00', 1, NULL, NULL),
(16, '1-00-020-050', 'INV Reservesd', '', NULL, 1, 1, 3, 16, 1, 0, 1, 0, 1, '2016-12-13 12:55:00', 1, NULL, NULL),
(17, '1-00-020-060', 'INV Unbilled Cost & Fees', '', NULL, 1, 1, 3, 17, 1, 0, 1, 0, 1, '2016-12-13 12:55:00', 1, NULL, NULL),
(18, '1-00-030-010', 'PREPAID Insurance', '', NULL, 1, 1, 4, 18, 1, 0, 1, 0, 1, '2016-12-13 12:55:00', 1, NULL, NULL),
(19, '1-00-030-020', 'PREPAID Rent', '', NULL, 1, 1, 4, 19, 1, 0, 1, 0, 1, '2016-12-13 12:55:00', 1, NULL, NULL),
(20, '1-00-030-030', 'PREPAID Advertising', '', NULL, 1, 1, 4, 20, 1, 0, 1, 0, 1, '2016-12-13 12:55:00', 1, NULL, NULL),
(21, '1-00-030-040', 'PREPAID Interest', '', NULL, 1, 1, 4, 21, 1, 0, 1, 0, 1, '2016-12-13 12:55:00', 1, NULL, NULL),
(22, '1-00-030-050', 'PREPAID Other Prepaid Expenses', '', NULL, 1, 1, 4, 22, 1, 0, 1, 0, 1, '2016-12-13 12:55:00', 1, NULL, NULL),
(23, '1-00-040-010', 'OCA Other Current Assets', '', NULL, 1, 1, 5, 23, 1, 0, 1, 0, 1, '2016-12-13 12:55:00', 1, NULL, NULL),
(24, '1-10-000-010', 'INVEST Shares', '', NULL, 1, 2, 6, 24, 1, 0, 1, 0, 1, '2016-12-13 12:55:00', 1, NULL, NULL),
(25, '1-10-000-020', 'INVEST Debantures', '', NULL, 1, 2, 6, 25, 1, 0, 1, 0, 1, '2016-12-13 12:55:00', 1, NULL, NULL),
(26, '1-10-000-030', 'INVEST Fixed Deposits', '', NULL, 1, 2, 6, 26, 1, 0, 1, 0, 1, '2016-12-13 12:55:00', 1, NULL, NULL),
(27, '1-10-000-040', 'INVEST Government Securities', '', NULL, 1, 2, 6, 27, 1, 0, 1, 0, 1, '2016-12-13 12:55:00', 1, NULL, NULL),
(28, '1-10-000-050', 'INVEST Other Investments', '', NULL, 1, 2, 6, 28, 1, 0, 1, 0, 1, '2016-12-13 12:55:00', 1, NULL, NULL),
(29, '1-20-000-010', 'PPE Land', '', NULL, 1, 3, 7, 29, 1, 0, 1, 0, 1, '2016-12-13 12:55:00', 1, NULL, NULL),
(30, '1-20-000-020', 'PPE Buildings', '', NULL, 1, 3, 7, 30, 1, 0, 1, 0, 1, '2016-12-13 12:55:00', 1, NULL, NULL),
(31, '1-20-000-030', 'PPE Machinery & Equipment', '', NULL, 1, 3, 7, 31, 1, 0, 1, 0, 1, '2016-12-13 12:55:00', 1, NULL, NULL),
(32, '1-20-000-040', 'PPE Vehicles', '', NULL, 1, 3, 7, 32, 1, 0, 1, 0, 1, '2016-12-13 12:55:00', 1, NULL, NULL),
(33, '1-20-000-050', 'PPE Furniture and Fixtures', '', NULL, 1, 3, 7, 33, 1, 0, 1, 0, 1, '2016-12-13 12:55:00', 1, NULL, NULL),
(34, '1-20-000-060', 'PPE Computer Equipment', '', NULL, 1, 3, 7, 34, 1, 0, 1, 0, 1, '2016-12-13 12:55:00', 1, NULL, NULL),
(35, '1-20-000-070', 'PPE Other Property, Plant & Equipment', '', NULL, 1, 3, 7, 35, 1, 0, 1, 0, 1, '2016-12-13 12:55:00', 1, NULL, NULL),
(36, '1-20-010-010', 'ACCUM Buildings (Contra Acc)', '', NULL, 1, 3, 8, 36, 1, 0, 1, 0, 1, '2016-12-13 12:55:00', 1, NULL, NULL),
(37, '1-20-010-020', 'ACCUM Machinery & Equipment (Contra Acc)', '', NULL, 1, 3, 8, 37, 1, 0, 1, 0, 1, '2016-12-13 12:55:00', 1, NULL, NULL),
(38, '1-20-010-030', 'ACCUM Vehicles (Contra Acc)', '', NULL, 1, 3, 8, 38, 1, 0, 1, 0, 1, '2016-12-13 12:55:00', 1, NULL, NULL),
(39, '1-20-010-040', 'ACCUM Furniture and Fixtures (Contra Acc)', '', NULL, 1, 3, 8, 39, 1, 0, 1, 0, 1, '2016-12-13 12:55:00', 1, NULL, NULL),
(40, '1-20-010-050', 'ACCUM Computer Equipment (Contra Acc)', '', NULL, 1, 3, 8, 40, 1, 0, 1, 0, 1, '2016-12-13 12:55:00', 1, NULL, NULL),
(41, '1-20-010-060', 'ACCUM Other Property, Plant & Equipment (Contrac Acc)', '', NULL, 1, 3, 8, 41, 1, 0, 1, 0, 1, '2016-12-13 12:55:00', 1, NULL, NULL),
(42, '1-20-020-010', 'Intangible Assets', '', NULL, 1, 3, 9, 42, 1, 0, 1, 0, 1, '2016-12-13 12:55:00', 1, NULL, NULL),
(43, '1-20-020-020', 'Other Noncurrent Assets', '', NULL, 1, 3, 9, 43, 1, 0, 1, 0, 1, '2016-12-13 12:55:00', 1, NULL, NULL),
(44, '1-20-020-030', 'Intangible Assets - Accumulated Amortization (Contra Acc)', '', NULL, 1, 3, 9, 44, 1, 0, 1, 0, 1, '2016-12-13 12:55:00', 1, NULL, NULL),
(45, '1-20-020-040', 'Other Noncurrent Assets - Accumulated Amortization (Contra Acc)', '', NULL, 1, 3, 9, 45, 1, 0, 1, 0, 1, '2016-12-13 12:55:00', 1, NULL, NULL),
(46, '2-00-000-010', 'Accounts Payable Trade', '', NULL, 2, 4, 10, 46, 1, 0, 1, 0, 1, '2016-12-13 12:55:00', 1, NULL, NULL),
(47, '2-00-000-020', 'Accounts Payable Interest', '', NULL, 2, 4, 10, 47, 1, 0, 1, 0, 1, '2016-12-13 12:55:00', 1, NULL, NULL),
(48, '2-00-000-030', 'Accounts Payable Retainage Withheld', '', NULL, 2, 4, 10, 48, 1, 0, 1, 0, 1, '2016-12-13 12:55:00', 1, NULL, NULL),
(49, '2-00-000-040', 'Accounts Payable ', '', NULL, 2, 4, 10, 49, 1, 0, 1, 0, 1, '2016-12-13 12:55:00', 1, NULL, NULL),
(50, '2-00-000-050', 'Bank Loans (Notes Payable) ', 'Bank Loans (Notes Payable) - Current principal portion of Long-Term Notes', NULL, 2, 4, 10, 50, 1, 0, 0, 0, 1, '2016-12-13 12:55:00', 1, NULL, NULL),
(51, '2-00-000-060', 'Short Term Notes (Demand Notes)', '', NULL, 2, 4, 10, 51, 1, 0, 1, 0, 1, '2016-12-13 12:55:00', 1, NULL, NULL),
(52, '2-00-000-070', 'Customer Advances and Deposits Payable', '', NULL, 2, 4, 10, 52, 1, 0, 1, 0, 1, '2016-12-13 12:55:00', 1, NULL, NULL),
(53, '2-00-000-080', 'Unearned Revenues', '', NULL, 2, 4, 10, 53, 1, 0, 1, 0, 1, '2016-12-13 12:55:00', 1, NULL, NULL),
(54, '2-00-000-090', 'Accounts Payable Sales Tax (VAT)', '', NULL, 2, 4, 10, 54, 1, 0, 1, 0, 1, '2016-12-13 12:55:00', 1, NULL, NULL),
(55, '2-00-000-100', 'Accounts Payable Other', '', NULL, 2, 4, 10, 55, 1, 0, 1, 0, 1, '2016-12-13 12:55:00', 1, NULL, NULL),
(56, '2-00-010-010', 'Accrued - Payroll', '', NULL, 2, 4, 11, 56, 1, 0, 1, 0, 1, '2016-12-13 12:55:00', 1, NULL, NULL),
(57, '2-00-010-020', 'Accrued - Commissions', '', NULL, 2, 4, 11, 57, 1, 0, 1, 0, 1, '2016-12-13 12:55:00', 1, NULL, NULL),
(58, '2-00-010-030', 'Accrued - Employer - Social Security Fund', '', NULL, 2, 4, 11, 58, 1, 0, 1, 0, 1, '2016-12-13 12:55:00', 1, NULL, NULL),
(59, '2-00-010-040', 'Accrued - Employer - Medical Benefits', '', NULL, 2, 4, 11, 59, 1, 0, 1, 0, 1, '2016-12-13 12:55:00', 1, NULL, NULL),
(60, '2-00-010-050', 'Withheld - Employee - Social Security Fund', '', NULL, 2, 4, 11, 60, 1, 0, 1, 0, 1, '2016-12-13 12:55:00', 1, NULL, NULL),
(61, '2-00-010-060', 'Withheld - Employee - Medical Benefits', '', NULL, 2, 4, 11, 61, 1, 0, 1, 0, 1, '2016-12-13 12:55:00', 1, NULL, NULL),
(62, '2-00-010-070', 'Withheld - Employee - Local Service Tax', '', NULL, 2, 4, 11, 62, 1, 0, 1, 0, 1, '2016-12-13 12:55:00', 1, NULL, NULL),
(63, '2-00-010-080', 'Other Accrued Compensation', '', NULL, 2, 4, 11, 63, 1, 0, 1, 0, 1, '2016-12-13 12:55:00', 1, NULL, NULL),
(64, '2-00-020-010', 'Accrued Income Tax', '', NULL, 2, 4, 12, 64, 1, 0, 1, 0, 1, '2016-12-13 12:55:00', 1, NULL, NULL),
(65, '2-00-020-020', 'Accrued Value Added Tax', '', NULL, 2, 4, 12, 65, 1, 0, 1, 0, 1, '2016-12-13 12:55:00', 1, NULL, NULL),
(66, '2-00-030-010', 'Other Current Liabilities', '', NULL, 2, 4, 13, 66, 1, 0, 1, 0, 1, '2016-12-13 12:55:00', 1, NULL, NULL),
(67, '2-10-000-010', 'LTD Bank Loans (Notes Payable)', 'Bank Loans (Notes Payable) - Long Term principal portion', NULL, 2, 5, 14, 67, 1, 0, 1, 0, 1, '2016-12-13 12:55:00', 1, NULL, NULL),
(68, '2-10-000-020', 'LTD Notes Payable (other than bank notes)', 'Notes Payable (other than bank notes) - Long Term principal portion', NULL, 2, 5, 14, 68, 1, 0, 1, 0, 1, '2016-12-13 12:55:00', 1, NULL, NULL),
(69, '2-10-000-030', 'LTD Inter-Company Payables', '', NULL, 2, 5, 14, 69, 1, 0, 1, 0, 1, '2016-12-13 12:55:00', 1, NULL, NULL),
(70, '2-10-000-040', 'LTD Other Long Term Debt', '', NULL, 2, 5, 14, 70, 1, 0, 1, 0, 1, '2016-12-13 12:55:00', 1, NULL, NULL),
(71, '2-10-010-010', 'DT Deferred Income Taxe', '', NULL, 2, 5, 15, 71, 1, 0, 1, 0, 1, '2016-12-13 12:55:00', 1, NULL, NULL),
(72, '2-10-010-020', 'DT Other Deferred Taxes', '', NULL, 2, 5, 15, 72, 1, 0, 1, 0, 1, '2016-12-13 12:55:00', 1, NULL, NULL),
(73, '2-10-020-010', 'Other Noncurrent Liabilities', '', NULL, 2, 5, 16, 73, 1, 0, 1, 0, 1, '2016-12-13 12:55:00', 1, NULL, NULL),
(74, '3-10-000-010', 'Paid in Capital', '', NULL, 3, 6, 17, 74, 1, 0, 0, 0, 1, '2016-12-13 12:55:00', 1, NULL, NULL),
(75, '3-10-000-020', 'Partners Capital', '', NULL, 3, 6, 17, 75, 1, 0, 1, 0, 1, '2016-12-13 12:55:00', 1, NULL, NULL),
(76, '3-10-000-030', 'Common Stock', '', NULL, 3, 6, 17, 76, 1, 0, 1, 0, 1, '2016-12-13 12:55:00', 1, NULL, NULL),
(77, '3-10-000-040', 'Preferred Stock', '', NULL, 3, 6, 17, 77, 1, 0, 1, 0, 1, '2016-12-13 12:55:00', 1, NULL, NULL),
(78, '3-10-000-050', 'Member Contribution', '', NULL, 3, 6, 17, 78, 1, 0, 1, 0, 1, '2016-12-13 12:55:00', 1, NULL, NULL),
(79, '3-10-000-060', 'Retained Earnings', '', NULL, 3, 6, 17, 79, 1, 0, 1, 0, 1, '2016-12-13 12:55:00', 1, NULL, NULL),
(80, '4-10-000-010', 'SALES Products', '', NULL, 4, 7, 18, 80, 1, 0, 1, 0, 1, '2016-12-13 12:55:00', 1, NULL, NULL),
(81, '4-10-000-020', 'SALES Services', '', NULL, 4, 7, 18, 81, 1, 0, 1, 0, 1, '2016-12-13 12:55:00', 1, NULL, NULL),
(82, '4-10-000-030', 'SALES Discounts (Contra-Revenue Acc)', '', NULL, 4, 7, 18, 82, 1, 0, 1, 0, 1, '2016-12-13 12:55:00', 1, NULL, NULL),
(83, '4-10-000-040', 'SALES Returns and Allowances (Contra-Revenue Acc)', '', NULL, 4, 7, 18, 83, 1, 0, 1, 0, 1, '2016-12-13 12:55:00', 1, NULL, NULL),
(84, '4-20-000-010', 'Interest Income', '', NULL, 4, 8, 19, 84, 1, 0, 1, 0, 1, '2016-12-13 12:55:00', 1, NULL, NULL),
(85, '4-20-000-020', 'Dividends', '', NULL, 4, 8, 19, 85, 1, 0, 1, 0, 1, '2016-12-13 12:55:00', 1, NULL, NULL),
(86, '4-20-000-030', 'Commissions', '', NULL, 4, 8, 19, 86, 1, 0, 1, 0, 1, '2016-12-13 12:55:00', 1, NULL, NULL),
(87, '4-20-000-040', 'Rental Income', '', NULL, 4, 8, 19, 87, 1, 0, 1, 0, 1, '2016-12-13 12:55:00', 1, NULL, NULL),
(88, '4-20-000-050', 'Gain On Sale Of Assets', '', NULL, 4, 8, 19, 88, 1, 0, 1, 0, 1, '2016-12-13 12:55:00', 1, NULL, NULL),
(89, '4-20-000-060', 'Gift-Related Gain', '', NULL, 4, 8, 19, 89, 1, 0, 1, 0, 1, '2016-12-13 12:55:00', 1, NULL, NULL),
(90, '4-20-000-070', 'Exchange-Related Gain', '', NULL, 4, 8, 19, 90, 1, 0, 1, 0, 1, '2016-12-13 12:55:00', 1, NULL, NULL),
(91, '4-20-000-080', 'Other Non-Operating Revenue', '', NULL, 4, 8, 19, 91, 1, 0, 1, 0, 1, '2016-12-13 12:55:00', 1, NULL, NULL),
(92, '5-10-000-010', 'Cost of Purchase - Products', '', NULL, 5, 9, 20, 92, 1, 0, 1, 0, 1, '2016-12-13 12:55:00', 1, NULL, NULL),
(93, '5-10-000-020', 'Cost of Purchase - Services', '', NULL, 5, 9, 20, 93, 1, 0, 1, 0, 1, '2016-12-13 12:55:00', 1, NULL, NULL),
(94, '5-10-000-030', 'Cost of Purchase - Freight', '', NULL, 5, 9, 20, 94, 1, 0, 1, 0, 1, '2016-12-13 12:55:00', 1, NULL, NULL),
(95, '5-10-000-040', 'Cost of Purchase - Inventory Adjustments', '', NULL, 5, 9, 20, 95, 1, 0, 1, 0, 1, '2016-12-13 12:55:00', 1, NULL, NULL),
(96, '5-10-000-050', 'Cost of Purchase - Returns', '', NULL, 5, 9, 20, 96, 1, 0, 1, 0, 1, '2016-12-13 12:55:00', 1, NULL, NULL),
(97, '5-10-000-060', 'Cost of Purchase - Discounts', '', NULL, 5, 9, 20, 97, 1, 0, 1, 0, 1, '2016-12-13 12:55:00', 1, NULL, NULL),
(98, '5-10-000-070', 'Cost of Goods Manufactured and Sold', '', NULL, 5, 9, 20, 98, 1, 0, 1, 0, 1, '2016-12-13 12:55:00', 1, NULL, NULL),
(99, '5-10-000-080', 'Cost of Sales - Loyalties', '', NULL, 5, 9, 20, 99, 1, 0, 1, 0, 1, '2016-12-13 12:55:00', 1, NULL, NULL),
(100, '5-20-000-010', 'Advertisement', '', NULL, 5, 10, 21, 100, 1, 0, 1, 0, 1, '2016-12-13 12:55:00', 1, NULL, NULL),
(101, '5-20-010-010', 'Audit Expenses', '', NULL, 5, 10, 22, 101, 1, 0, 1, 0, 1, '2016-12-13 12:55:00', 1, NULL, NULL),
(102, '5-20-020-010', 'Bad Debts Written Off', '', NULL, 5, 10, 23, 102, 1, 0, 1, 0, 1, '2016-12-13 12:55:00', 1, NULL, NULL),
(103, '5-20-020-020', 'Provision for Bad and Doubtful Debts/ Impairment for credit losses ( for banks)', '', NULL, 5, 10, 23, 103, 1, 0, 1, 0, 1, '2016-12-13 12:55:00', 1, NULL, NULL),
(104, '5-20-030-010', 'Commission', '', NULL, 5, 10, 24, 104, 1, 0, 1, 0, 1, '2016-12-13 12:55:00', 1, NULL, NULL),
(105, '5-20-040-010', 'Computer Expenses', '', NULL, 5, 10, 25, 105, 1, 0, 1, 0, 1, '2016-12-13 12:55:00', 1, NULL, NULL),
(106, '5-20-050-010', 'Donations', '', NULL, 5, 10, 26, 106, 1, 0, 1, 0, 1, '2016-12-13 12:55:00', 1, NULL, NULL),
(107, '5-20-060-010', 'Entertainment', '', NULL, 5, 10, 27, 107, 1, 0, 1, 0, 1, '2016-12-13 12:55:00', 1, NULL, NULL),
(108, '5-20-070-010', 'Freight and Transport', '', NULL, 5, 10, 28, 108, 1, 0, 1, 0, 1, '2016-12-13 12:55:00', 1, NULL, NULL),
(109, '5-20-080-010', 'Gift Expenses', '', NULL, 5, 10, 29, 109, 1, 0, 1, 0, 1, '2016-12-13 12:55:00', 1, NULL, NULL),
(110, '5-20-090-010', 'Hotel, Boarding and Lodging Expenses', '', NULL, 5, 10, 30, 110, 1, 0, 1, 0, 1, '2016-12-13 12:55:00', 1, NULL, NULL),
(111, '5-20-100-010', 'Legal expenses', '', NULL, 5, 10, 31, 111, 1, 0, 1, 0, 1, '2016-12-13 12:55:00', 1, NULL, NULL),
(112, '5-20-110-010', 'Power and Fuel', '', NULL, 5, 10, 32, 112, 1, 0, 1, 0, 1, '2016-12-13 12:55:00', 1, NULL, NULL),
(113, '5-20-110-020', 'Water', '', NULL, 5, 10, 32, 113, 1, 0, 1, 0, 1, '2016-12-13 12:55:00', 1, NULL, NULL),
(114, '5-20-110-030', 'Garbage Collection', '', NULL, 5, 10, 32, 114, 1, 0, 1, 0, 1, '2016-12-13 12:55:00', 1, NULL, NULL),
(115, '5-20-110-040', 'Other Utilities', '', NULL, 5, 10, 32, 115, 1, 0, 1, 0, 1, '2016-12-13 12:55:00', 1, NULL, NULL),
(116, '5-20-120-010', 'Rent', '', NULL, 5, 10, 33, 116, 1, 0, 1, 0, 1, '2016-12-13 12:55:00', 1, NULL, NULL),
(117, '5-20-130-010', 'Rates', '', NULL, 5, 10, 34, 117, 1, 0, 1, 0, 1, '2016-12-13 12:55:00', 1, NULL, NULL),
(118, '5-20-140-010', 'Repairs of Building', '', NULL, 5, 10, 35, 118, 1, 0, 1, 0, 1, '2016-12-13 12:55:00', 1, NULL, NULL),
(119, '5-20-140-020', 'Repairs of Vehicle', '', NULL, 5, 10, 35, 119, 1, 0, 1, 0, 1, '2016-12-13 12:55:00', 1, NULL, NULL),
(120, '5-20-140-030', 'Repairs of Machinery', '', NULL, 5, 10, 35, 120, 1, 0, 1, 0, 1, '2016-12-13 12:55:00', 1, NULL, NULL),
(121, '5-20-150-010', 'Sales Promotion including Publicity ( other than advertisement)', '', NULL, 5, 10, 36, 121, 1, 0, 1, 0, 1, '2016-12-13 12:55:00', 1, NULL, NULL),
(122, '5-20-160-010', 'Staff Welfare Expenses', '', NULL, 5, 10, 37, 122, 1, 0, 1, 0, 1, '2016-12-13 12:55:00', 1, NULL, NULL),
(123, '5-20-170-010', 'Startup cost/ pre- operating expenses', '', NULL, 5, 10, 38, 123, 1, 0, 1, 0, 1, '2016-12-13 12:55:00', 1, NULL, NULL),
(124, '5-20-180-010', 'Stationery and printing', '', NULL, 5, 10, 39, 124, 1, 0, 1, 0, 1, '2016-12-13 12:55:00', 1, NULL, NULL),
(125, '5-20-190-010', 'Subsistence Allowance', '', NULL, 5, 10, 40, 125, 1, 0, 1, 0, 1, '2016-12-13 12:55:00', 1, NULL, NULL),
(126, '5-20-200-010', 'Telephone Expenses', '', NULL, 5, 10, 41, 126, 1, 0, 1, 0, 1, '2016-12-13 12:55:00', 1, NULL, NULL),
(127, '5-20-210-010', 'Training Expenditure', '', NULL, 5, 10, 42, 127, 1, 0, 1, 0, 1, '2016-12-13 12:55:00', 1, NULL, NULL),
(128, '5-20-220-010', 'Travelling Expenses including foreign travelling', '', NULL, 5, 10, 43, 128, 1, 0, 1, 0, 1, '2016-12-13 12:55:00', 1, NULL, NULL),
(129, '5-20-230-010', 'Workshop - Conference Expenses', '', NULL, 5, 10, 44, 129, 1, 0, 1, 0, 1, '2016-12-13 12:55:00', 1, NULL, NULL),
(130, '5-20-240-010', 'Internet Expenses', '', NULL, 5, 10, 45, 130, 1, 0, 1, 0, 1, '2016-12-13 12:55:00', 1, NULL, NULL),
(131, '5-20-250-010', 'Depriciation', '', NULL, 5, 10, 46, 131, 1, 0, 1, 0, 1, '2016-12-13 12:55:00', 1, NULL, NULL),
(132, '5-20-260-010', 'Loss on disposal of assets', '', NULL, 5, 10, 47, 132, 1, 0, 1, 0, 1, '2016-12-13 12:55:00', 1, NULL, NULL),
(133, '5-20-270-010', 'Management Fees', '', NULL, 5, 10, 48, 133, 1, 0, 1, 0, 1, '2016-12-13 12:55:00', 1, NULL, NULL),
(134, '5-20-280-010', 'Scientific Research Expenses', '', NULL, 5, 10, 49, 134, 1, 0, 1, 0, 1, '2016-12-13 12:55:00', 1, NULL, NULL),
(135, '5-20-290-010', 'Salaries and wages', '', NULL, 5, 10, 50, 135, 1, 0, 1, 0, 1, '2016-12-13 12:55:00', 1, NULL, NULL),
(136, '5-20-290-020', 'Bonus', '', NULL, 5, 10, 50, 136, 1, 0, 1, 0, 1, '2016-12-13 12:55:00', 1, NULL, NULL),
(137, '5-20-290-030', 'Reimbursement of medical expenses', '', NULL, 5, 10, 50, 137, 1, 0, 1, 0, 1, '2016-12-13 12:55:00', 1, NULL, NULL),
(138, '5-20-290-040', 'Leave encashment', '', NULL, 5, 10, 50, 138, 1, 0, 1, 0, 1, '2016-12-13 12:55:00', 1, NULL, NULL),
(139, '5-20-290-050', 'Leave travel benefits', '', NULL, 5, 10, 50, 139, 1, 0, 1, 0, 1, '2016-12-13 12:55:00', 1, NULL, NULL),
(140, '5-20-290-060', 'Housing allowance/ rent', '', NULL, 5, 10, 50, 140, 1, 0, 1, 0, 1, '2016-12-13 12:55:00', 1, NULL, NULL),
(141, '5-20-290-070', 'Contribution to retirement fund', '', NULL, 5, 10, 50, 141, 1, 0, 1, 0, 1, '2016-12-13 12:55:00', 1, NULL, NULL),
(142, '5-20-290-080', 'Contribution to any other fund', '', NULL, 5, 10, 50, 142, 1, 0, 1, 0, 1, '2016-12-13 12:55:00', 1, NULL, NULL),
(143, '5-20-290-090', 'Any other employment costs', '', NULL, 5, 10, 50, 143, 1, 0, 1, 0, 1, '2016-12-13 12:55:00', 1, NULL, NULL),
(144, '5-20-300-010', 'Interest Expense', '', NULL, 5, 10, 51, 144, 1, 0, 1, 0, 1, '2016-12-13 12:55:00', 1, NULL, NULL),
(145, '5-20-300-020', 'Bank Charges', '', NULL, 5, 10, 51, 145, 1, 0, 1, 0, 1, '2016-12-13 12:55:00', 1, NULL, NULL),
(146, '5-20-300-030', 'Commitment fees', '', NULL, 5, 10, 51, 146, 1, 0, 1, 0, 1, '2016-12-13 12:55:00', 1, NULL, NULL),
(147, '5-20-300-040', 'Insurance', '', NULL, 5, 10, 51, 147, 1, 0, 1, 0, 1, '2016-12-13 12:55:00', 1, NULL, NULL),
(148, '5-20-300-050', 'Realized exchange loss', '', NULL, 5, 10, 51, 148, 1, 0, 1, 0, 1, '2016-12-13 12:55:00', 1, NULL, NULL),
(149, '5-20-300-060', 'Unrealized exchange loss', '', NULL, 5, 10, 51, 149, 1, 0, 1, 0, 1, '2016-12-13 12:55:00', 1, NULL, NULL),
(150, '5-20-400-010', 'Claims admitted during the year', '', NULL, 5, 10, 52, 150, 1, 0, 1, 0, 1, '2016-12-13 12:55:00', 1, NULL, NULL),
(151, '5-20-400-020', 'Premium returned to insured', '', NULL, 5, 10, 52, 151, 1, 0, 1, 0, 1, '2016-12-13 12:55:00', 1, NULL, NULL),
(152, '5-20-400-030', 'Reserved for unexpired risk carried forward', '', NULL, 5, 10, 52, 152, 1, 0, 1, 0, 1, '2016-12-13 12:55:00', 1, NULL, NULL),
(153, '5-20-400-040', 'Agency Expenses', '', NULL, 5, 10, 52, 153, 1, 0, 1, 0, 1, '2016-12-13 12:55:00', 1, NULL, NULL),
(154, '5-20-400-050', 'Other expenses related to short term business', '', NULL, 5, 10, 52, 154, 1, 0, 1, 0, 1, '2016-12-13 12:55:00', 1, NULL, NULL),
(155, '5-20-410-010', 'Income Tax Expense', '', NULL, 5, 10, 53, 155, 1, 0, 1, 0, 1, '2016-12-13 12:55:00', 1, NULL, NULL),
(156, '5-20-420-010', 'Proposed Dividend', '', NULL, 5, 10, 54, 156, 1, 0, 1, 0, 1, '2016-12-13 12:55:00', 1, NULL, NULL),
(157, '5-20-430-010', 'Expenses - Loyalties', '', NULL, 5, 10, 55, 157, 1, 0, 1, 0, 1, '2016-12-13 12:55:00', 1, NULL, NULL),
(158, '5-20-430-020', 'Other Operating Expenses', '', NULL, 5, 10, 55, 158, 1, 0, 1, 0, 1, '2016-12-13 12:55:00', 1, NULL, NULL),
(159, '5-30-000-010', 'Non-Operating Expenses', '', NULL, 5, 11, 56, 159, 1, 0, 1, 0, 1, '2016-12-13 12:55:00', 1, NULL, NULL),
(160, '1-00-000-050', 'CASH Mobile Money', '', NULL, 1, 1, 1, 4, 1, 0, 0, 0, 1, '2016-12-15 16:22:00', 1, NULL, NULL),
(161, '3-10-000-070', 'Drawing Account (Contra Equity)', '', NULL, 3, 6, 17, 161, 1, 0, 1, 0, 1, '2017-03-02 15:04:00', 1, NULL, NULL),
(162, '5-10-000-090', 'Loss on inventory write off', '', NULL, 5, 9, 20, 162, 1, 0, 1, 0, 1, '2017-03-07 13:32:00', 1, NULL, NULL),
(164, '2-00-000-110', 'Dividends Payable', '', NULL, 2, 4, 10, 164, 1, 0, 1, 0, 1, '2017-04-11 10:05:00', 1, NULL, NULL),
(165, '3-10-000-080', 'Dividends (Contra Equity)', '', NULL, 3, 6, 17, 165, 1, 0, 1, 0, 1, '2017-04-11 10:05:00', 1, NULL, NULL);

--
-- Dumping data for table `acc_group`
--

INSERT INTO `acc_group` (`acc_group_id`, `acc_type_id`, `group_code`, `acc_group_name`, `acc_group_desc`, `order_group`, `is_active`, `is_deleted`, `add_date`, `add_by`, `last_edit_date`, `last_edit_by`) VALUES
(1, 1, '1-00', 'Current Assets', 'Current Assets include Cash and Assets that will be converted into cash or consumed in a relatively short period of time, usually within a year or the business''s operating cycle. Prepaid Expenses and Supplies (already paid for or a liability incurred) are included because they will normally be used or consumed within the operating cycle.', 1, 1, 0, '2016-12-13 12:33:00', 1, NULL, NULL),
(2, 1, '1-10', 'Investments', 'Investments that are intended to be held and not converted into cash for an extended period of time (longer than the operating cycle). Reported at current market value by using an allowance for unrealized market gains and losses.', 2, 1, 0, '2016-12-13 12:33:00', 1, NULL, NULL),
(3, 1, '1-20', 'Fixed Assets', 'Assets of a durable nature that are used to provide current and future economic benefits to the business. These accounts will normally have a sub ledger that contains a record for each parcel of land, building, or piece of machinery and equipment along with depreciation calculations and amounts.', 3, 1, 0, '2016-12-13 12:33:00', 1, NULL, NULL),
(4, 2, '2-00', 'Current Liabilities', 'Current liabilities are the portion of obligations (amounts owed) due to be paid within the current operating cycle (normally a year) and that normally require the use of existing current assets to satisfy the debt.', 4, 1, 0, '2016-12-13 12:33:00', 1, NULL, NULL),
(5, 2, '2-10', 'Long Term Liabilities', 'Long term liability accounts are the portions of debts with due dates greater than a year or the operating cycle. These are obligations that are not expected to be paid within the current operating cycle.', 5, 1, 0, '2016-12-13 12:33:00', 1, NULL, NULL),
(6, 3, '3-10', 'Equity', 'The owner''s rights or claims to the property (assets) of the business. What the business owes the owner(s). The good stuff left for the owner(s) assuming all liabilities (amounts owed) have been paid. Includes: Owner''s Capital Invested and the Accumulated Profits or Losses for the business since it began', 6, 1, 0, '2016-12-13 12:33:00', 1, NULL, NULL),
(7, 4, '4-10', 'Operating Revenue', 'Revenues resulting from the normal operations of a business such as the revenues resulting from the sale of products and services to your customers.', 7, 1, 0, '2016-12-13 12:33:00', 1, NULL, NULL),
(8, 4, '4-20', 'Non-Operating Revenue', 'Non-operating revenue accounts include all types of income that you receive that are not part of your main line of business. In other words, revenues or gains resulting from something other than from normal business operations.', 8, 1, 0, '2016-12-13 12:33:00', 1, NULL, NULL),
(9, 5, '5-10', 'Cost of Sales(Goods Sold)', 'Cost of Sales or Cost of Goods Sold. Cost of Goods Sold - the cost of the products purchased or manufactured and sold by a business.', 9, 1, 0, '2016-12-13 12:33:00', 1, NULL, NULL),
(10, 5, '5-20', 'Operating Expenses', 'Operating Expenses - the expenses related to normal daily operations such as wages, rent,advertising, insurance, etc. These expenses are related to the normal operations of the business (primary activities) and are incurred in order to earn normal operating revenues. In other words,amounts spent on products and services related to normal business operations.', 10, 1, 0, '2016-12-13 12:33:00', 1, NULL, NULL),
(11, 5, '5-30', 'Non-Operating Expenses', 'Amounts spent on products and services not related to normal business operations (secondary activities). In other words, expenses and losses resulting from something other than from normal business operations.', 11, 1, 0, '2016-12-13 12:33:00', 1, NULL, NULL);

--
-- Dumping data for table `acc_type`
--

INSERT INTO `acc_type` (`acc_type_id`, `type_code`, `acc_type_name`, `acc_type_desc`, `order_type`, `is_active`, `is_deleted`, `add_date`, `add_by`, `last_edit_date`, `last_edit_by`) VALUES
(1, '1', 'Assets', 'The properties used in the operation or investment activities of a business. All the good stuff a business has (anything with value). The goodies. Includes: Cash, Receivables, Investments, Buildings, Land, Equipment, Vehicles, etc.', 1, 1, 0, '2016-11-11 07:33:39', 1, NULL, NULL),
(2, '2', 'Liabilities', 'Claims by creditors to the property (assets) of a business until they are paid. Other''s claims to the business''s stuff. Amounts the business owes to others. Includes: Payables, Notes, Loans, Mortgages, etc.', 2, 1, 0, '2016-11-11 07:33:39', 1, NULL, NULL),
(3, '3', 'Equity', 'The owner''s rights or claims to the property (assets) of the business. What the business owes the owner(s). The good stuff left for the owner(s) assuming all liabilities (amounts owed) have been paid. Includes: Owner''s Capital Invested and the Accumulated Profits or Losses for the business since it began', 3, 1, 0, '2016-11-11 07:33:39', 1, NULL, NULL),
(4, '4', 'Revenue', 'The gross increase in owner''s equity resulting from the operations and other activities of the business. Amounts a business earns by selling services and products and investing. Amounts billed to customers for services and/or products. Includes: Sales of Goods and Services - revenue directly related to daily operations. Other Income - revenue not directly related to daily operations such as Interest and Dividends.', 4, 1, 0, '2016-11-11 07:33:39', 1, NULL, NULL),
(5, '5', 'Expenses', 'Decrease in owner''s equity resulting from the cost of goods, fixed assets, and services and supplies consumed in the operations of a business. The costs of doing business. The stuff we used and had to pay for or charge to run our business. Cost of Goods Sold - the cost of the products being sold by the business. Operating Expenses - the expenses related to daily operations such as rent, advertising, insurance, etc. Other Expenses - the expenses not directly related to daily operations such as Interest and Financing.', 5, 1, 0, '2016-11-11 07:33:39', 1, NULL, NULL);

--
-- Dumping data for table `average_method`
--

INSERT INTO `average_method` (`average_method_id`, `average_method_name`) VALUES
(1, 'NONE');

--
-- Dumping data for table `company_setting`
--

INSERT INTO `company_setting` (`company_setting_id`, `company_name`, `physical_address`, `phone`, `fax`, `email`, `website`, `logo_url`, `sloghan`, `currency_used`, `vat_perc`, `is_allow_discount`, `is_allow_debt`, `is_customer_mandatory`, `is_supplier_mandatory`, `is_vat_inclusive`, `is_trade_discount_vat_liable`, `is_cash_discount_vat_liable`, `is_map_items_active`, `branch_code`, `branch_id`, `award_amount_per_point`, `spend_amount_per_point`, `tax_identity`, `sales_receipt_name`, `is_show_developer`, `developer_email`, `developer_phone`, `show_logo_invoice`, `is_allow_auto_unpack`, `time_zone`, `date_format`, `license_key`, `sales_receipt_version`, `enforce_trans_user_select`, `show_branch_invoice`, `show_store_invoice`, `show_vat_analysis_invoice`, `store_equiv_name`, `inventory_cost_mehod`, `is_item_cost_mandatory`, `is_show_batch_dtl_default`) VALUES
(1, 'RM ENTERPRISES', 'ABC Street, Kampala, Uganda', '+256799100100', '', 'info@abcuganda.com', 'www.abcuganda.com', 'logo.png', 'Excellent Care', 'UGX', 18, 'Yes', 'Yes', 'No', 'Yes', 'No', 'No', 'Yes', 'Yes', 'KAMPALA', 1, 2000, 100, '1001001001', 'Tax Invoice', 'Yes', 'info@wingersoft.co.ug', '+256705010850', 'No', 'No', 'EAT', 'dd-MM-yyyy', 'c4RHB2VSk6s1B3cEu3aSe4LIN9uRg2gPe4TRV6AEc6ZTy0PNu4oEc0o T5AMX6NRi0g0P5X5k8L0a3J0X9aEX8aGB9aDs9REg1y8y8L7T1J6H4q5m8T4y7w3N4u2i5y1o9B7F8L1H7A0a0c2R1q2s2N1e9Z0P3y3T6uee4s9', 1, 'No', 'Yes', 'Yes', 'No', 'Store', NULL, NULL, NULL);

--
-- Dumping data for table `dep_method`
--

INSERT INTO `dep_method` (`dep_method_id`, `dep_method_name`, `dep_method_code`, `is_active`) VALUES
(1, 'Straight Line Depreciation', 'SLD', 1),
(2, 'Reducing Balance Depreciation', 'RBD', 1),
(3, 'Sum of the Year Digits Depreciation', 'SYD', 1);

--
-- Dumping data for table `iso_currency`
--

INSERT INTO `iso_currency` (`iso_currency_id`, `entity`, `currency`, `alphabetic_code`, `numeric_code`, `minor_unit`) VALUES
(1, 'AFGHANISTAN', 'Afghani', 'AFN', 971, 2),
(2, 'ÅLAND ISLANDS', 'Euro', 'EUR', 978, 2),
(3, 'ALBANIA', 'Lek', 'ALL', 8, 2),
(4, 'ALGERIA', 'Algerian Dinar', 'DZD', 12, 2),
(5, 'AMERICAN SAMOA', 'US Dollar', 'USD', 840, 2),
(6, 'ANDORRA', 'Euro', 'EUR', 978, 2),
(7, 'ANGOLA', 'Kwanza', 'AOA', 973, 2),
(8, 'ANGUILLA', 'East Caribbean Dollar', 'XCD', 951, 2),
(9, 'ANTARCTICA', 'No universal currency', '', NULL, NULL),
(10, 'ANTIGUA AND BARBUDA', 'East Caribbean Dollar', 'XCD', 951, 2),
(11, 'ARGENTINA', 'Argentine Peso', 'ARS', 32, 2),
(12, 'ARMENIA', 'Armenian Dram', 'AMD', 51, 2),
(13, 'ARUBA', 'Aruban Florin', 'AWG', 533, 2),
(14, 'AUSTRALIA', 'Australian Dollar', 'AUD', 36, 2),
(15, 'AUSTRIA', 'Euro', 'EUR', 978, 2),
(16, 'AZERBAIJAN', 'Azerbaijanian Manat', 'AZN', 944, 2),
(17, 'BAHAMAS (THE)', 'Bahamian Dollar', 'BSD', 44, 2),
(18, 'BAHRAIN', 'Bahraini Dinar', 'BHD', 48, 3),
(19, 'BANGLADESH', 'Taka', 'BDT', 50, 2),
(20, 'BARBADOS', 'Barbados Dollar', 'BBD', 52, 2),
(21, 'BELARUS', 'Belarusian Ruble', 'BYN', 933, 2),
(22, 'BELARUS', 'Belarusian Ruble', 'BYR', 974, 0),
(23, 'BELGIUM', 'Euro', 'EUR', 978, 2),
(24, 'BELIZE', 'Belize Dollar', 'BZD', 84, 2),
(25, 'BENIN', 'CFA Franc BCEAO', 'XOF', 952, 0),
(26, 'BERMUDA', 'Bermudian Dollar', 'BMD', 60, 2),
(27, 'BHUTAN', 'Indian Rupee', 'INR', 356, 2),
(28, 'BHUTAN', 'Ngultrum', 'BTN', 64, 2),
(29, 'BOLIVIA (PLURINATIONAL STATE OF)', 'Boliviano', 'BOB', 68, 2),
(30, 'BOLIVIA (PLURINATIONAL STATE OF)', 'Mvdol', 'BOV', 984, 2),
(31, 'BONAIRE, SINT EUSTATIUS AND SABA', 'US Dollar', 'USD', 840, 2),
(32, 'BOSNIA AND HERZEGOVINA', 'Convertible Mark', 'BAM', 977, 2),
(33, 'BOTSWANA', 'Pula', 'BWP', 72, 2),
(34, 'BOUVET ISLAND', 'Norwegian Krone', 'NOK', 578, 2),
(35, 'BRAZIL', 'Brazilian Real', 'BRL', 986, 2),
(36, 'BRITISH INDIAN OCEAN TERRITORY (THE)', 'US Dollar', 'USD', 840, 2),
(37, 'BRUNEI DARUSSALAM', 'Brunei Dollar', 'BND', 96, 2),
(38, 'BULGARIA', 'Bulgarian Lev', 'BGN', 975, 2),
(39, 'BURKINA FASO', 'CFA Franc BCEAO', 'XOF', 952, 0),
(40, 'BURUNDI', 'Burundi Franc', 'BIF', 108, 0),
(41, 'CABO VERDE', 'Cabo Verde Escudo', 'CVE', 132, 2),
(42, 'CAMBODIA', 'Riel', 'KHR', 116, 2),
(43, 'CAMEROON', 'CFA Franc BEAC', 'XAF', 950, 0),
(44, 'CANADA', 'Canadian Dollar', 'CAD', 124, 2),
(45, 'CAYMAN ISLANDS (THE)', 'Cayman Islands Dollar', 'KYD', 136, 2),
(46, 'CENTRAL AFRICAN REPUBLIC (THE)', 'CFA Franc BEAC', 'XAF', 950, 0),
(47, 'CHAD', 'CFA Franc BEAC', 'XAF', 950, 0),
(48, 'CHILE', 'Chilean Peso', 'CLP', 152, 0),
(49, 'CHILE', 'Unidad de Fomento', 'CLF', 990, 4),
(50, 'CHINA', 'Yuan Renminbi', 'CNY', 156, 2),
(51, 'CHRISTMAS ISLAND', 'Australian Dollar', 'AUD', 36, 2),
(52, 'COCOS (KEELING) ISLANDS (THE)', 'Australian Dollar', 'AUD', 36, 2),
(53, 'COLOMBIA', 'Colombian Peso', 'COP', 170, 2),
(54, 'COLOMBIA', 'Unidad de Valor Real', 'COU', 970, 2),
(55, 'COMOROS (THE)', 'Comoro Franc', 'KMF', 174, 0),
(56, 'CONGO (THE DEMOCRATIC REPUBLIC OF THE)', 'Congolese Franc', 'CDF', 976, 2),
(57, 'CONGO (THE)', 'CFA Franc BEAC', 'XAF', 950, 0),
(58, 'COOK ISLANDS (THE)', 'New Zealand Dollar', 'NZD', 554, 2),
(59, 'COSTA RICA', 'Costa Rican Colon', 'CRC', 188, 2),
(60, 'CÔTE D''IVOIRE', 'CFA Franc BCEAO', 'XOF', 952, 0),
(61, 'CROATIA', 'Kuna', 'HRK', 191, 2),
(62, 'CUBA', 'Cuban Peso', 'CUP', 192, 2),
(63, 'CUBA', 'Peso Convertible', 'CUC', 931, 2),
(64, 'CURAÇAO', 'Netherlands Antillean Guilder', 'ANG', 532, 2),
(65, 'CYPRUS', 'Euro', 'EUR', 978, 2),
(66, 'CZECH REPUBLIC (THE)', 'Czech Koruna', 'CZK', 203, 2),
(67, 'DENMARK', 'Danish Krone', 'DKK', 208, 2),
(68, 'DJIBOUTI', 'Djibouti Franc', 'DJF', 262, 0),
(69, 'DOMINICA', 'East Caribbean Dollar', 'XCD', 951, 2),
(70, 'DOMINICAN REPUBLIC (THE)', 'Dominican Peso', 'DOP', 214, 2),
(71, 'ECUADOR', 'US Dollar', 'USD', 840, 2),
(72, 'EGYPT', 'Egyptian Pound', 'EGP', 818, 2),
(73, 'EL SALVADOR', 'El Salvador Colon', 'SVC', 222, 2),
(74, 'EL SALVADOR', 'US Dollar', 'USD', 840, 2),
(75, 'EQUATORIAL GUINEA', 'CFA Franc BEAC', 'XAF', 950, 0),
(76, 'ERITREA', 'Nakfa', 'ERN', 232, 2),
(77, 'ESTONIA', 'Euro', 'EUR', 978, 2),
(78, 'ETHIOPIA', 'Ethiopian Birr', 'ETB', 230, 2),
(79, 'EUROPEAN UNION', 'Euro', 'EUR', 978, 2),
(80, 'FALKLAND ISLANDS (THE) [MALVINAS]', 'Falkland Islands Pound', 'FKP', 238, 2),
(81, 'FAROE ISLANDS (THE)', 'Danish Krone', 'DKK', 208, 2),
(82, 'FIJI', 'Fiji Dollar', 'FJD', 242, 2),
(83, 'FINLAND', 'Euro', 'EUR', 978, 2),
(84, 'FRANCE', 'Euro', 'EUR', 978, 2),
(85, 'FRENCH GUIANA', 'Euro', 'EUR', 978, 2),
(86, 'FRENCH POLYNESIA', 'CFP Franc', 'XPF', 953, 0),
(87, 'FRENCH SOUTHERN TERRITORIES (THE)', 'Euro', 'EUR', 978, 2),
(88, 'GABON', 'CFA Franc BEAC', 'XAF', 950, 0),
(89, 'GAMBIA (THE)', 'Dalasi', 'GMD', 270, 2),
(90, 'GEORGIA', 'Lari', 'GEL', 981, 2),
(91, 'GERMANY', 'Euro', 'EUR', 978, 2),
(92, 'GHANA', 'Ghana Cedi', 'GHS', 936, 2),
(93, 'GIBRALTAR', 'Gibraltar Pound', 'GIP', 292, 2),
(94, 'GREECE', 'Euro', 'EUR', 978, 2),
(95, 'GREENLAND', 'Danish Krone', 'DKK', 208, 2),
(96, 'GRENADA', 'East Caribbean Dollar', 'XCD', 951, 2),
(97, 'GUADELOUPE', 'Euro', 'EUR', 978, 2),
(98, 'GUAM', 'US Dollar', 'USD', 840, 2),
(99, 'GUATEMALA', 'Quetzal', 'GTQ', 320, 2),
(100, 'GUERNSEY', 'Pound Sterling', 'GBP', 826, 2),
(101, 'GUINEA', 'Guinea Franc', 'GNF', 324, 0),
(102, 'GUINEA-BISSAU', 'CFA Franc BCEAO', 'XOF', 952, 0),
(103, 'GUYANA', 'Guyana Dollar', 'GYD', 328, 2),
(104, 'HAITI', 'Gourde', 'HTG', 332, 2),
(105, 'HAITI', 'US Dollar', 'USD', 840, 2),
(106, 'HEARD ISLAND AND McDONALD ISLANDS', 'Australian Dollar', 'AUD', 36, 2),
(107, 'HOLY SEE (THE)', 'Euro', 'EUR', 978, 2),
(108, 'HONDURAS', 'Lempira', 'HNL', 340, 2),
(109, 'HONG KONG', 'Hong Kong Dollar', 'HKD', 344, 2),
(110, 'HUNGARY', 'Forint', 'HUF', 348, 2),
(111, 'ICELAND', 'Iceland Krona', 'ISK', 352, 0),
(112, 'INDIA', 'Indian Rupee', 'INR', 356, 2),
(113, 'INDONESIA', 'Rupiah', 'IDR', 360, 2),
(114, 'INTERNATIONAL MONETARY FUND (IMF) ', 'SDR (Special Drawing Right)', 'XDR', 960, NULL),
(115, 'IRAN (ISLAMIC REPUBLIC OF)', 'Iranian Rial', 'IRR', 364, 2),
(116, 'IRAQ', 'Iraqi Dinar', 'IQD', 368, 3),
(117, 'IRELAND', 'Euro', 'EUR', 978, 2),
(118, 'ISLE OF MAN', 'Pound Sterling', 'GBP', 826, 2),
(119, 'ISRAEL', 'New Israeli Sheqel', 'ILS', 376, 2),
(120, 'ITALY', 'Euro', 'EUR', 978, 2),
(121, 'JAMAICA', 'Jamaican Dollar', 'JMD', 388, 2),
(122, 'JAPAN', 'Yen', 'JPY', 392, 0),
(123, 'JERSEY', 'Pound Sterling', 'GBP', 826, 2),
(124, 'JORDAN', 'Jordanian Dinar', 'JOD', 400, 3),
(125, 'KAZAKHSTAN', 'Tenge', 'KZT', 398, 2),
(126, 'KENYA', 'Kenyan Shilling', 'KES', 404, 2),
(127, 'KIRIBATI', 'Australian Dollar', 'AUD', 36, 2),
(128, 'KOREA (THE DEMOCRATIC PEOPLE’S REPUBLIC OF)', 'North Korean Won', 'KPW', 408, 2),
(129, 'KOREA (THE REPUBLIC OF)', 'Won', 'KRW', 410, 0),
(130, 'KUWAIT', 'Kuwaiti Dinar', 'KWD', 414, 3),
(131, 'KYRGYZSTAN', 'Som', 'KGS', 417, 2),
(132, 'LAO PEOPLE’S DEMOCRATIC REPUBLIC (THE)', 'Kip', 'LAK', 418, 2),
(133, 'LATVIA', 'Euro', 'EUR', 978, 2),
(134, 'LEBANON', 'Lebanese Pound', 'LBP', 422, 2),
(135, 'LESOTHO', 'Loti', 'LSL', 426, 2),
(136, 'LESOTHO', 'Rand', 'ZAR', 710, 2),
(137, 'LIBERIA', 'Liberian Dollar', 'LRD', 430, 2),
(138, 'LIBYA', 'Libyan Dinar', 'LYD', 434, 3),
(139, 'LIECHTENSTEIN', 'Swiss Franc', 'CHF', 756, 2),
(140, 'LITHUANIA', 'Euro', 'EUR', 978, 2),
(141, 'LUXEMBOURG', 'Euro', 'EUR', 978, 2),
(142, 'MACAO', 'Pataca', 'MOP', 446, 2),
(143, 'MACEDONIA (THE FORMER YUGOSLAV REPUBLIC OF)', 'Denar', 'MKD', 807, 2),
(144, 'MADAGASCAR', 'Malagasy Ariary', 'MGA', 969, 2),
(145, 'MALAWI', 'Malawi Kwacha', 'MWK', 454, 2),
(146, 'MALAYSIA', 'Malaysian Ringgit', 'MYR', 458, 2),
(147, 'MALDIVES', 'Rufiyaa', 'MVR', 462, 2),
(148, 'MALI', 'CFA Franc BCEAO', 'XOF', 952, 0),
(149, 'MALTA', 'Euro', 'EUR', 978, 2),
(150, 'MARSHALL ISLANDS (THE)', 'US Dollar', 'USD', 840, 2),
(151, 'MARTINIQUE', 'Euro', 'EUR', 978, 2),
(152, 'MAURITANIA', 'Ouguiya', 'MRO', 478, 2),
(153, 'MAURITIUS', 'Mauritius Rupee', 'MUR', 480, 2),
(154, 'MAYOTTE', 'Euro', 'EUR', 978, 2),
(155, 'MEMBER COUNTRIES OF THE AFRICAN DEVELOPMENT BANK GROUP', 'ADB Unit of Account', 'XUA', 965, NULL),
(156, 'MEXICO', 'Mexican Peso', 'MXN', 484, 2),
(157, 'MEXICO', 'Mexican Unidad de Inversion (UDI)', 'MXV', 979, 2),
(158, 'MICRONESIA (FEDERATED STATES OF)', 'US Dollar', 'USD', 840, 2),
(159, 'MOLDOVA (THE REPUBLIC OF)', 'Moldovan Leu', 'MDL', 498, 2),
(160, 'MONACO', 'Euro', 'EUR', 978, 2),
(161, 'MONGOLIA', 'Tugrik', 'MNT', 496, 2),
(162, 'MONTENEGRO', 'Euro', 'EUR', 978, 2),
(163, 'MONTSERRAT', 'East Caribbean Dollar', 'XCD', 951, 2),
(164, 'MOROCCO', 'Moroccan Dirham', 'MAD', 504, 2),
(165, 'MOZAMBIQUE', 'Mozambique Metical', 'MZN', 943, 2),
(166, 'MYANMAR', 'Kyat', 'MMK', 104, 2),
(167, 'NAMIBIA', 'Namibia Dollar', 'NAD', 516, 2),
(168, 'NAMIBIA', 'Rand', 'ZAR', 710, 2),
(169, 'NAURU', 'Australian Dollar', 'AUD', 36, 2),
(170, 'NEPAL', 'Nepalese Rupee', 'NPR', 524, 2),
(171, 'NETHERLANDS (THE)', 'Euro', 'EUR', 978, 2),
(172, 'NEW CALEDONIA', 'CFP Franc', 'XPF', 953, 0),
(173, 'NEW ZEALAND', 'New Zealand Dollar', 'NZD', 554, 2),
(174, 'NICARAGUA', 'Cordoba Oro', 'NIO', 558, 2),
(175, 'NIGER (THE)', 'CFA Franc BCEAO', 'XOF', 952, 0),
(176, 'NIGERIA', 'Naira', 'NGN', 566, 2),
(177, 'NIUE', 'New Zealand Dollar', 'NZD', 554, 2),
(178, 'NORFOLK ISLAND', 'Australian Dollar', 'AUD', 36, 2),
(179, 'NORTHERN MARIANA ISLANDS (THE)', 'US Dollar', 'USD', 840, 2),
(180, 'NORWAY', 'Norwegian Krone', 'NOK', 578, 2),
(181, 'OMAN', 'Rial Omani', 'OMR', 512, 3),
(182, 'PAKISTAN', 'Pakistan Rupee', 'PKR', 586, 2),
(183, 'PALAU', 'US Dollar', 'USD', 840, 2),
(184, 'PALESTINE, STATE OF', 'No universal currency', '', NULL, NULL),
(185, 'PANAMA', 'Balboa', 'PAB', 590, 2),
(186, 'PANAMA', 'US Dollar', 'USD', 840, 2),
(187, 'PAPUA NEW GUINEA', 'Kina', 'PGK', 598, 2),
(188, 'PARAGUAY', 'Guarani', 'PYG', 600, 0),
(189, 'PERU', 'Sol', 'PEN', 604, 2),
(190, 'PHILIPPINES (THE)', 'Philippine Peso', 'PHP', 608, 2),
(191, 'PITCAIRN', 'New Zealand Dollar', 'NZD', 554, 2),
(192, 'POLAND', 'Zloty', 'PLN', 985, 2),
(193, 'PORTUGAL', 'Euro', 'EUR', 978, 2),
(194, 'PUERTO RICO', 'US Dollar', 'USD', 840, 2),
(195, 'QATAR', 'Qatari Rial', 'QAR', 634, 2),
(196, 'RÉUNION', 'Euro', 'EUR', 978, 2),
(197, 'ROMANIA', 'Romanian Leu', 'RON', 946, 2),
(198, 'RUSSIAN FEDERATION (THE)', 'Russian Ruble', 'RUB', 643, 2),
(199, 'RWANDA', 'Rwanda Franc', 'RWF', 646, 0),
(200, 'SAINT BARTHÉLEMY', 'Euro', 'EUR', 978, 2),
(201, 'SAINT HELENA, ASCENSION AND TRISTAN DA CUNHA', 'Saint Helena Pound', 'SHP', 654, 2),
(202, 'SAINT KITTS AND NEVIS', 'East Caribbean Dollar', 'XCD', 951, 2),
(203, 'SAINT LUCIA', 'East Caribbean Dollar', 'XCD', 951, 2),
(204, 'SAINT MARTIN (FRENCH PART)', 'Euro', 'EUR', 978, 2),
(205, 'SAINT PIERRE AND MIQUELON', 'Euro', 'EUR', 978, 2),
(206, 'SAINT VINCENT AND THE GRENADINES', 'East Caribbean Dollar', 'XCD', 951, 2),
(207, 'SAMOA', 'Tala', 'WST', 882, 2),
(208, 'SAN MARINO', 'Euro', 'EUR', 978, 2),
(209, 'SAO TOME AND PRINCIPE', 'Dobra', 'STD', 678, 2),
(210, 'SAUDI ARABIA', 'Saudi Riyal', 'SAR', 682, 2),
(211, 'SENEGAL', 'CFA Franc BCEAO', 'XOF', 952, 0),
(212, 'SERBIA', 'Serbian Dinar', 'RSD', 941, 2),
(213, 'SEYCHELLES', 'Seychelles Rupee', 'SCR', 690, 2),
(214, 'SIERRA LEONE', 'Leone', 'SLL', 694, 2),
(215, 'SINGAPORE', 'Singapore Dollar', 'SGD', 702, 2),
(216, 'SINT MAARTEN (DUTCH PART)', 'Netherlands Antillean Guilder', 'ANG', 532, 2),
(217, 'SISTEMA UNITARIO DE COMPENSACION REGIONAL DE PAGOS "SUCRE"', 'Sucre', 'XSU', 994, NULL),
(218, 'SLOVAKIA', 'Euro', 'EUR', 978, 2),
(219, 'SLOVENIA', 'Euro', 'EUR', 978, 2),
(220, 'SOLOMON ISLANDS', 'Solomon Islands Dollar', 'SBD', 90, 2),
(221, 'SOMALIA', 'Somali Shilling', 'SOS', 706, 2),
(222, 'SOUTH AFRICA', 'Rand', 'ZAR', 710, 2),
(223, 'SOUTH GEORGIA AND THE SOUTH SANDWICH ISLANDS', 'No universal currency', '', NULL, NULL),
(224, 'SOUTH SUDAN', 'South Sudanese Pound', 'SSP', 728, 2),
(225, 'SPAIN', 'Euro', 'EUR', 978, 2),
(226, 'SRI LANKA', 'Sri Lanka Rupee', 'LKR', 144, 2),
(227, 'SUDAN (THE)', 'Sudanese Pound', 'SDG', 938, 2),
(228, 'SURINAME', 'Surinam Dollar', 'SRD', 968, 2),
(229, 'SVALBARD AND JAN MAYEN', 'Norwegian Krone', 'NOK', 578, 2),
(230, 'SWAZILAND', 'Lilangeni', 'SZL', 748, 2),
(231, 'SWEDEN', 'Swedish Krona', 'SEK', 752, 2),
(232, 'SWITZERLAND', 'Swiss Franc', 'CHF', 756, 2),
(233, 'SWITZERLAND', 'WIR Euro', 'CHE', 947, 2),
(234, 'SWITZERLAND', 'WIR Franc', 'CHW', 948, 2),
(235, 'SYRIAN ARAB REPUBLIC', 'Syrian Pound', 'SYP', 760, 2),
(236, 'TAIWAN (PROVINCE OF CHINA)', 'New Taiwan Dollar', 'TWD', 901, 2),
(237, 'TAJIKISTAN', 'Somoni', 'TJS', 972, 2),
(238, 'TANZANIA, UNITED REPUBLIC OF', 'Tanzanian Shilling', 'TZS', 834, 2),
(239, 'THAILAND', 'Baht', 'THB', 764, 2),
(240, 'TIMOR-LESTE', 'US Dollar', 'USD', 840, 2),
(241, 'TOGO', 'CFA Franc BCEAO', 'XOF', 952, 0),
(242, 'TOKELAU', 'New Zealand Dollar', 'NZD', 554, 2),
(243, 'TONGA', 'Pa’anga', 'TOP', 776, 2),
(244, 'TRINIDAD AND TOBAGO', 'Trinidad and Tobago Dollar', 'TTD', 780, 2),
(245, 'TUNISIA', 'Tunisian Dinar', 'TND', 788, 3),
(246, 'TURKEY', 'Turkish Lira', 'TRY', 949, 2),
(247, 'TURKMENISTAN', 'Turkmenistan New Manat', 'TMT', 934, 2),
(248, 'TURKS AND CAICOS ISLANDS (THE)', 'US Dollar', 'USD', 840, 2),
(249, 'TUVALU', 'Australian Dollar', 'AUD', 36, 2),
(250, 'UGANDA', 'Uganda Shilling', 'UGX', 800, 0),
(251, 'UKRAINE', 'Hryvnia', 'UAH', 980, 2),
(252, 'UNITED ARAB EMIRATES (THE)', 'UAE Dirham', 'AED', 784, 2),
(253, 'UNITED KINGDOM OF GREAT BRITAIN AND NORTHERN IRELAND (THE)', 'Pound Sterling', 'GBP', 826, 2),
(254, 'UNITED STATES MINOR OUTLYING ISLANDS (THE)', 'US Dollar', 'USD', 840, 2),
(255, 'UNITED STATES OF AMERICA (THE)', 'US Dollar', 'USD', 840, 2),
(256, 'UNITED STATES OF AMERICA (THE)', 'US Dollar (Next day)', 'USN', 997, 2),
(257, 'URUGUAY', 'Peso Uruguayo', 'UYU', 858, 2),
(258, 'URUGUAY', 'Uruguay Peso en Unidades Indexadas (URUIURUI)', 'UYI', 940, 0),
(259, 'UZBEKISTAN', 'Uzbekistan Sum', 'UZS', 860, 2),
(260, 'VANUATU', 'Vatu', 'VUV', 548, 0),
(261, 'VENEZUELA (BOLIVARIAN REPUBLIC OF)', 'Bolívar', 'VEF', 937, 2),
(262, 'VIET NAM', 'Dong', 'VND', 704, 0),
(263, 'VIRGIN ISLANDS (BRITISH)', 'US Dollar', 'USD', 840, 2),
(264, 'VIRGIN ISLANDS (U.S.)', 'US Dollar', 'USD', 840, 2),
(265, 'WALLIS AND FUTUNA', 'CFP Franc', 'XPF', 953, 0),
(266, 'WESTERN SAHARA', 'Moroccan Dirham', 'MAD', 504, 2),
(267, 'YEMEN', 'Yemeni Rial', 'YER', 886, 2),
(268, 'ZAMBIA', 'Zambian Kwacha', 'ZMW', 967, 2),
(269, 'ZIMBABWE', 'Zimbabwe Dollar', 'ZWL', 932, 2),
(270, 'ZZ01_Bond Markets Unit European_EURCO', 'Bond Markets Unit European Composite Unit (EURCO)', 'XBA', 955, NULL),
(271, 'ZZ02_Bond Markets Unit European_EMU-6', 'Bond Markets Unit European Monetary Unit (E.M.U.-6)', 'XBB', 956, NULL),
(272, 'ZZ03_Bond Markets Unit European_EUA-9', 'Bond Markets Unit European Unit of Account 9 (E.U.A.-9)', 'XBC', 957, NULL),
(273, 'ZZ04_Bond Markets Unit European_EUA-17', 'Bond Markets Unit European Unit of Account 17 (E.U.A.-17)', 'XBD', 958, NULL),
(274, 'ZZ06_Testing_Code', 'Codes specifically reserved for testing purposes', 'XTS', 963, NULL),
(275, 'ZZ07_No_Currency', 'The codes assigned for transactions where no currency is involved', 'XXX', 999, NULL),
(276, 'ZZ08_Gold', 'Gold', 'XAU', 959, NULL),
(277, 'ZZ09_Palladium', 'Palladium', 'XPD', 964, NULL),
(278, 'ZZ10_Platinum', 'Platinum', 'XPT', 962, NULL),
(279, 'ZZ11_Silver', 'Silver', 'XAG', 961, NULL);

--
-- Dumping data for table `pay_method`
--

INSERT INTO `pay_method` (`pay_method_id`, `pay_method_name`, `display_order`, `is_active`, `is_deleted`, `is_default`) VALUES
(1, 'CASH', 1, 1, 0, 1),
(2, 'MM', 4, 1, 0, 0),
(3, 'CHEQUE', 3, 1, 0, 0),
(4, 'EFT', 5, 1, 0, 0),
(5, 'BANK', 2, 1, 0, 0);

--
-- Dumping data for table `transaction_reason`
--

INSERT INTO `transaction_reason` (`transaction_reason_id`, `transaction_reason_name`, `transaction_type_id`, `description`) VALUES
(1, 'GOOD AND SERVICE', 1, NULL),
(2, 'RETAIL SALE INVOICE', 2, NULL),
(3, 'DISPOSE STOCK', 3, NULL),
(6, 'TRANSFER', 4, NULL),
(8, 'ITEM', 5, NULL),
(9, 'UNPACK', 7, NULL),
(10, 'WHOLE SALE INVOICE', 2, NULL),
(11, 'COST-PRICE SALE INVOICE', 2, NULL),
(12, 'GOOD AND SERVICE PO', 8, NULL),
(13, 'GOODS RECEIVED', 9, NULL),
(14, 'RETAIL SALE QUOTATION', 10, NULL),
(15, 'WHOLE SALE QUOTATION', 10, NULL),
(16, 'SALE ORDER', 11, NULL),
(17, 'EXEMPT SALE INVOICE', 2, NULL),
(18, 'GOODS DELIVERY', 12, NULL),
(19, 'TRANSFER REQUEST', 13, NULL),
(21, 'CASH SALE', 14, NULL),
(22, 'CREDIT SALE', 14, NULL),
(23, 'CAPITAL', 14, NULL),
(24, 'LOAN', 14, NULL),
(25, 'CREDIT PURCHASE', 15, NULL),
(26, 'CASH PURCHASE', 15, NULL),
(27, 'EXPENSE', 1, NULL),
(28, 'ASSET RECEIVED', 9, NULL),
(29, 'ASSET', 1, NULL),
(30, 'EXPENSE PO', 8, NULL),
(31, 'ASSET PO', 8, NULL),
(32, 'EXPENSE RECEIVED', 9, NULL),
(33, 'LOAN INSTALLMENT', 15, NULL),
(34, 'OWNER CASH DRAWING', 15, NULL),
(35, 'JOURNAL ENTRY', 16, NULL),
(36, 'CUSTOMER', 17, NULL),
(37, 'SUPPLIER', 17, NULL),
(38, 'SCHEME', 17, NULL),
(39, 'PROVIDER', 17, NULL),
(40, 'EMPLOYEE', 17, NULL),
(41, 'CASH TRANSFER', 18, NULL),
(42, 'CHEQUE TRANSFER', 18, NULL),
(43, 'EXPENSE ENTRY', 19, NULL),
(44, 'JOURNAL ENTRY RPT', 20, NULL),
(45, 'TRIAL BALANCE', 21, NULL),
(46, 'CASH FLOW BY USER RPT', 22, NULL),
(47, 'BALANCE SHEET', 23, NULL),
(48, 'INCOME STATEMENT', 24, NULL),
(49, 'CASH FLOW STATEMENT', 25, NULL),
(50, 'ACCOUNT PERIOD CLOSE', 26, NULL),
(51, 'ACCOUNT PERIOD OPEN', 26, NULL),
(52, 'ACCOUNT PERIOD RE-OPEN', 26, NULL),
(53, 'ACCOUNT PERIOD DETAIL', 26, NULL),
(54, 'POST-CLOSING TRIAL BALANCE', 27, NULL),
(55, 'CASH ACCOUNT BALANCE', 28, NULL),
(56, 'ACCOUNT STATEMENT', 29, NULL),
(57, 'RECEIVABLE DETAIL', 30, NULL),
(58, 'RECEIVABLE SUMMARY', 31, NULL),
(59, 'PAYABLE DETAIL', 32, NULL),
(60, 'PAYABLE SUMMARY', 33, NULL),
(61, 'INVENTORY-STOCK RPT', 34, NULL),
(62, 'INVENTORY-ASSET RPT', 35, NULL),
(63, 'INVENTORY-EXPENSE RPT', 36, NULL),
(64, 'ITEM-DETAIL-STOCK RPT', 37, NULL),
(65, 'ITEM-DETAIL-EXPENSE RPT', 38, NULL),
(66, 'ITEM-DETAIL-ASSET RPT', 39, NULL),
(67, 'ITEM-DETAIL-LOCATION RPT', 40, NULL),
(68, 'CUSTOMER LIST RPT', 41, NULL),
(69, 'SUPPLIER LIST RPT', 42, NULL),
(70, 'SCHEME LIST RPT', 43, NULL),
(71, 'PROVIDER LIST RPT', 44, NULL),
(72, 'SALES INVOICE DETAIL RPT', 45, NULL),
(73, 'SALES QUOTATION DETAIL RPT', 46, NULL),
(74, 'SALES ORDER DETAIL RPT', 47, NULL),
(75, 'SALES DELIVERY DETAIL RPT', 48, NULL),
(76, 'SALES USER EARN RPT', 49, NULL),
(77, 'PURCHASE INVOICE DETAIL RPT', 50, NULL),
(78, 'PURCHASE ORDER DETAIL RPT', 51, NULL),
(79, 'PURCHASE ITEM RECEIVED DETAIL RPT', 52, NULL),
(80, 'ITEM TRANSFER REQUEST DETAIL RPT', 53, NULL),
(81, 'ITEM TRANSFER DETAIL RPT', 54, NULL),
(82, 'DISPOSE STOCK DETAIL RPT', 55, NULL),
(83, 'CASH RECEIPT DETAIL RPT', 56, NULL),
(84, 'CASH PAYMENT DETAIL RPT', 57, NULL),
(85, 'CHART OF ACCOUNTS DTL', 58, NULL),
(86, 'DISCOUNT', 59, NULL),
(87, 'INTER BRANCH', 60, NULL),
(88, 'SETTING', 61, NULL),
(89, 'SPEND POINT', 62, NULL);

--
-- Dumping data for table `transaction_type`
--

INSERT INTO `transaction_type` (`transaction_type_id`, `transaction_type_name`, `transactor_label`, `transaction_number_label`, `transaction_output_label`, `bill_transactor_label`, `transaction_ref_label`, `transaction_date_label`, `transaction_user_label`, `is_transactor_mandatory`, `is_transaction_user_mandatory`, `is_transaction_ref_mandatory`, `is_authorise_user_mandatory`, `is_authorise_date_mandatory`, `is_delivery_address_mandatory`, `is_delivery_date_mandatory`, `is_pay_due_date_mandatory`, `is_expiry_date_mandatory`, `description`, `group_name`) VALUES
(1, 'PURCHASE INVOICE', 'Supplier', 'Invoice No', 'SUPPLIER INVOICE', 'Supplier', 'LPO No', 'Invoice Date', 'Staff', 'Yes', 'No', 'No', 'No', 'No', 'No', 'No', 'No', 'No', 'Invoice from Supplier for the Purchased Goods/Services', 'PURCHASE AND EXPENSE'),
(2, 'SALE INVOICE', 'Customer', 'Sales Invoice No', 'TAX INVOICE', 'Bill Customer', 'Purchase Order Ref', 'Invoice Date', 'Served By', 'No', 'No', 'No', 'No', 'No', 'No', 'No', 'No', 'No', NULL, 'SALES'),
(3, 'DISPOSE STOCK', '', 'Dispose Stock No', 'DISPOSE STOCK', '', '', 'Dispose Date', 'Disposed By', 'No', 'No', 'No', 'No', 'No', 'No', 'No', 'No', 'No', NULL, NULL),
(4, 'TRANSFER', '', 'Item Transfer No', 'ITEM TRANSFER', '', 'Item Transfer Request Ref', 'Transfer Date', 'Transfered By', 'No', 'No', 'Yes', 'No', 'No', 'No', 'No', 'No', 'No', NULL, NULL),
(5, 'ITEM', '', '', '', '', '', '', '', '', '', '', 'No', 'No', 'No', 'No', 'No', 'No', NULL, NULL),
(6, 'PAYMENT', '', '', '', '', '', 'Pay Date', '', '', '', '', 'No', 'No', 'No', 'No', 'No', 'No', NULL, NULL),
(7, 'UNPACK', '', 'Unpack No', '', '', '', 'Unpack Date', 'Unpacked By', 'No', 'No', 'No', 'No', 'No', 'No', 'No', 'No', 'No', NULL, NULL),
(8, 'PURCHASE ORDER', 'Supplier', 'Purchase Order No', 'PURCHASE ORDER', 'Bill Supplier', 'Transaction Ref', 'Purchase Order Date', 'Ordered By', 'Yes', 'No', 'No', 'No', 'No', 'No', 'No', 'No', 'No', NULL, NULL),
(9, 'ITEM RECEIVED', 'Supplier', 'Goods Receive No', 'GOODS RECEIVED NOTE', 'Bill Supplier', 'Purchase Order Ref', 'Receive Date', 'Received By', 'Yes', 'Yes', 'No', 'No', 'No', 'No', 'No', 'No', 'No', NULL, NULL),
(10, 'SALE QUOTATION', 'Customer', 'Sales Quote No', 'SALES QUOTATION', 'Bill Customer', 'Transaction Ref', 'Quote Date', 'Quoted By', 'Yes', 'Yes', 'No', 'No', 'No', 'No', 'No', 'No', 'No', NULL, NULL),
(11, 'SALE ORDER', 'Customer', 'Sales Order No', 'SALES ORDER', 'Bill Customer', 'Purchase Order Ref', 'Order Date', 'Received By', 'Yes', 'Yes', 'No', 'No', 'No', 'No', 'No', 'No', 'No', NULL, NULL),
(12, 'GOODS DELIVERY', 'Customer', 'Goods Delivery No', 'GOODS DELIVERY NOTE', 'Bill Customer', 'Sales Invoice Ref', 'Delivery Date', 'Delivered By', 'Yes', 'No', 'Yes', 'No', 'No', 'Yes', 'No', 'No', 'No', NULL, NULL),
(13, 'TRANSFER REQUEST', '', 'Item Transfer Request No', 'ITEM TRANSFER REQUEST', '', 'Request Ref', 'Request Date', 'Request By', 'No', 'No', 'No', 'No', 'No', 'No', 'No', 'No', 'No', NULL, NULL),
(14, 'CASH RECEIPT', ' ', ' ', ' ', ' ', ' ', ' ', ' ', 'No', 'No', 'No', 'No', 'No', 'No', 'No', 'No', 'No', NULL, NULL),
(15, 'CASH PAYMENT', ' ', ' ', ' ', ' ', ' ', ' ', ' ', 'No', 'No', 'No', 'No', 'No', 'No', 'No', 'No', 'No', NULL, NULL),
(16, 'JOURNAL ENTRY', 'Customer', 'Journal No', 'Journal Entry', 'Customer', 'Reference No', 'Journal Date', 'Staff', 'No', 'No', 'No', 'No', 'No', 'No', 'No', 'No', 'No', NULL, NULL),
(17, 'TRANSACTOR', ' ', ' ', ' ', ' ', ' ', ' ', ' ', 'No', 'No', 'No', 'No', 'No', 'No', 'No', 'No', 'No', NULL, NULL),
(18, 'CASH TRANSFER', ' ', ' ', ' ', ' ', ' ', ' ', ' ', 'No', 'No', 'No', 'No', 'No', 'No', 'No', 'No', 'No', NULL, NULL),
(19, 'EXPENSE ENTRY', ' ', ' ', ' ', ' ', ' ', ' ', ' ', 'No', 'No', 'No', 'No', 'No', 'No', 'No', 'No', 'No', NULL, 'PURCHASE AND EXPENSE'),
(20, 'JOURNAL RPT', ' ', ' ', ' ', ' ', ' ', ' ', ' ', 'No', 'No', 'No', 'No', 'No', 'No', 'No', 'No', 'No', NULL, 'REPORTS'),
(21, 'TRIAL BALANCE', ' ', ' ', ' ', ' ', ' ', ' ', ' ', 'No', 'No', 'No', 'No', 'No', 'No', 'No', 'No', 'No', NULL, 'REPORTS'),
(22, 'CASH FLOW RPT', ' ', ' ', ' ', ' ', ' ', ' ', ' ', 'No', 'No', 'No', 'No', 'No', 'No', 'No', 'No', 'No', NULL, 'REPORTS'),
(23, 'BALANCE SHEET', ' ', ' ', ' ', ' ', ' ', ' ', ' ', 'No', 'No', 'No', 'No', 'No', 'No', 'No', 'No', 'No', 'Statement of Financial Position', 'REPORTS - FINANCIAL ACCOUNTING'),
(24, 'INCOME STATEMENT', ' ', ' ', ' ', ' ', ' ', ' ', ' ', 'No', 'No', 'No', 'No', 'No', 'No', 'No', 'No', 'No', 'Profit and Loss Statement', 'REPORTS - FINANCIAL ACCOUNTING'),
(25, 'CASH FLOW STATEMENT', ' ', ' ', ' ', ' ', ' ', ' ', ' ', 'No', 'No', 'No', 'No', 'No', 'No', 'No', 'No', 'No', NULL, 'REPORTS - FINANCIAL ACCOUNTING'),
(26, 'ACCOUNT PERIOD', ' ', ' ', ' ', ' ', ' ', ' ', ' ', 'No', 'No', 'No', 'No', 'No', 'No', 'No', 'No', 'No', NULL, 'REPORTS - ACCOUNT PERIOD'),
(27, 'POST-CLOSING TRIAL BALANCE', ' ', ' ', ' ', ' ', ' ', ' ', ' ', 'No', 'No', 'No', 'No', 'No', 'No', 'No', 'No', 'No', NULL, 'REPORTS - FINANCIAL ACCOUNTING'),
(28, 'CASH ACCOUNT RPT', ' ', ' ', ' ', ' ', ' ', ' ', ' ', 'No', 'No', 'No', 'No', 'No', 'No', 'No', 'No', 'No', NULL, 'REPORTS - CASH'),
(29, 'ACCOUNT STATEMENT', ' ', ' ', ' ', ' ', ' ', ' ', ' ', 'No', 'No', 'No', 'No', 'No', 'No', 'No', 'No', 'No', NULL, 'REPORTS - CASH'),
(30, 'RECEIVABLE DETAIL', ' ', ' ', ' ', ' ', ' ', ' ', ' ', 'No', 'No', 'No', 'No', 'No', 'No', 'No', 'No', 'No', NULL, 'REPORTS - CASH'),
(31, 'RECEIVABLE SUMMARY', ' ', ' ', ' ', ' ', ' ', ' ', ' ', 'No', 'No', 'No', 'No', 'No', 'No', 'No', 'No', 'No', NULL, 'REPORTS - CASH'),
(32, 'PAYABLE DETAIL', ' ', ' ', ' ', ' ', ' ', ' ', ' ', 'No', 'No', 'No', 'No', 'No', 'No', 'No', 'No', 'No', NULL, 'REPORTS - CASH'),
(33, 'PAYABLE SUMMARY', ' ', ' ', ' ', ' ', ' ', ' ', ' ', 'No', 'No', 'No', 'No', 'No', 'No', 'No', 'No', 'No', NULL, 'REPORTS - CASH'),
(34, 'INVENTORY-STOCK RPT', ' ', ' ', ' ', ' ', ' ', ' ', ' ', 'No', 'No', 'No', 'No', 'No', 'No', 'No', 'No', 'No', NULL, 'REPORTS - INVENTORY'),
(35, 'INVENTORY-ASSET RPT', ' ', ' ', ' ', ' ', ' ', ' ', ' ', 'No', 'No', 'No', 'No', 'No', 'No', 'No', 'No', 'No', NULL, 'REPORTS - INVENTORY'),
(36, 'INVENTORY-EXPENSE RPT', ' ', ' ', ' ', ' ', ' ', ' ', ' ', 'No', 'No', 'No', 'No', 'No', 'No', 'No', 'No', 'No', NULL, 'REPORTS - INVENTORY'),
(37, 'ITEM-DETAIL-STOCK RPT', ' ', ' ', ' ', ' ', ' ', ' ', ' ', 'No', 'No', 'No', 'No', 'No', 'No', 'No', 'No', 'No', NULL, 'REPORTS - ITEM DETAIL'),
(38, 'ITEM-DETAIL-EXPENSE RPT', ' ', ' ', ' ', ' ', ' ', ' ', ' ', 'No', 'No', 'No', 'No', 'No', 'No', 'No', 'No', 'No', NULL, 'REPORTS - ITEM DETAIL'),
(39, 'ITEM-DETAIL-ASSET RPT', ' ', ' ', ' ', ' ', ' ', ' ', ' ', 'No', 'No', 'No', 'No', 'No', 'No', 'No', 'No', 'No', NULL, 'REPORTS - ITEM DETAIL'),
(40, 'ITEM-DETAIL-LOCATION RPT', ' ', ' ', ' ', ' ', ' ', ' ', ' ', 'No', 'No', 'No', 'No', 'No', 'No', 'No', 'No', 'No', NULL, 'REPORTS - ITEM DETAIL'),
(41, 'CUSTOMER LIST RPT', ' ', ' ', ' ', ' ', ' ', ' ', ' ', 'No', 'No', 'No', 'No', 'No', 'No', 'No', 'No', 'No', NULL, 'REPORT PARTNER LIST'),
(42, 'SUPPLIER LIST RPT', ' ', ' ', ' ', ' ', ' ', ' ', ' ', 'No', 'No', 'No', 'No', 'No', 'No', 'No', 'No', 'No', NULL, 'REPORT PARTNER LIST'),
(43, 'SCHEME LIST RPT', ' ', ' ', ' ', ' ', ' ', ' ', ' ', 'No', 'No', 'No', 'No', 'No', 'No', 'No', 'No', 'No', NULL, 'REPORT PARTNER LIST'),
(44, 'PROVIDER LIST RPT', ' ', ' ', ' ', ' ', ' ', ' ', ' ', 'No', 'No', 'No', 'No', 'No', 'No', 'No', 'No', 'No', NULL, 'REPORT PARTNER LIST'),
(45, 'SALES INVOICE RPT', ' ', ' ', ' ', ' ', ' ', ' ', ' ', 'No', 'No', 'No', 'No', 'No', 'No', 'No', 'No', 'No', NULL, 'REPORT SALES'),
(46, 'SALES QUOTATION RPT', ' ', ' ', ' ', ' ', ' ', ' ', ' ', 'No', 'No', 'No', 'No', 'No', 'No', 'No', 'No', 'No', NULL, 'REPORT SALES'),
(47, 'SALES ORDER RPT', ' ', ' ', ' ', ' ', ' ', ' ', ' ', 'No', 'No', 'No', 'No', 'No', 'No', 'No', 'No', 'No', NULL, 'REPORT SALES'),
(48, 'SALES DELIVERY RPT', ' ', ' ', ' ', ' ', ' ', ' ', ' ', 'No', 'No', 'No', 'No', 'No', 'No', 'No', 'No', 'No', NULL, 'REPORT SALES'),
(49, 'SALES USER EARN RPT', ' ', ' ', ' ', ' ', ' ', ' ', ' ', 'No', 'No', 'No', 'No', 'No', 'No', 'No', 'No', 'No', NULL, 'REPORT SALES'),
(50, 'PURCHASE INVOICE RPT', ' ', ' ', ' ', ' ', ' ', ' ', ' ', 'No', 'No', 'No', 'No', 'No', 'No', 'No', 'No', 'No', NULL, 'REPORT PURCHASES'),
(51, 'PURCHASE ORDER RPT', ' ', ' ', ' ', ' ', ' ', ' ', ' ', 'No', 'No', 'No', 'No', 'No', 'No', 'No', 'No', 'No', NULL, 'REPORT PURCHASES'),
(52, 'PURCHASE ITEM RECEIVED RPT', ' ', ' ', ' ', ' ', ' ', ' ', ' ', 'No', 'No', 'No', 'No', 'No', 'No', 'No', 'No', 'No', NULL, 'REPORT PURCHASES'),
(53, 'TRANSFER REQUEST RPT', ' ', ' ', ' ', ' ', ' ', ' ', ' ', 'No', 'No', 'No', 'No', 'No', 'No', 'No', 'No', 'No', NULL, 'REPORT ITEM TRANSFERS'),
(54, 'TRANSFER RPT', ' ', ' ', ' ', ' ', ' ', ' ', ' ', 'No', 'No', 'No', 'No', 'No', 'No', 'No', 'No', 'No', NULL, 'REPORT ITEM TRANSFERS'),
(55, 'DISPOSE STOCK RPT', ' ', ' ', ' ', ' ', ' ', ' ', ' ', 'No', 'No', 'No', 'No', 'No', 'No', 'No', 'No', 'No', NULL, 'REPORT DISPOSE STOCK'),
(56, 'CASH RECEIPT RPT', ' ', ' ', ' ', ' ', ' ', ' ', ' ', 'No', 'No', 'No', 'No', 'No', 'No', 'No', 'No', 'No', NULL, 'REPORTS CASH'),
(57, 'CASH PAYMENT RPT', ' ', ' ', ' ', ' ', ' ', ' ', ' ', 'No', 'No', 'No', 'No', 'No', 'No', 'No', 'No', 'No', NULL, 'REPORTS CASH'),
(58, 'CHART OF ACCOUNTS', ' ', ' ', ' ', ' ', ' ', ' ', ' ', 'No', 'No', 'No', 'No', 'No', 'No', 'No', 'No', 'No', NULL, 'ACCOUNTS'),
(59, 'DISCOUNT', ' ', ' ', ' ', ' ', ' ', ' ', ' ', 'No', 'No', 'No', 'No', 'No', 'No', 'No', 'No', 'No', NULL, 'SALES'),
(60, 'INTER BRANCH', ' ', ' ', ' ', ' ', ' ', ' ', ' ', 'No', 'No', 'No', 'No', 'No', 'No', 'No', 'No', 'No', NULL, 'INTER BRANCH'),
(61, 'SETTING', ' ', ' ', ' ', ' ', ' ', ' ', ' ', 'No', 'No', 'No', 'No', 'No', 'No', 'No', 'No', 'No', NULL, 'SETTING'),
(62, 'SPEND POINT', ' ', ' ', ' ', ' ', ' ', ' ', ' ', 'No', 'No', 'No', 'No', 'No', 'No', 'No', 'No', 'No', NULL, 'SALES');

--
-- Dumping data for table `unit`
--

INSERT INTO `unit` (`unit_id`, `unit_name`, `unit_symbol`) VALUES
(1, 'Tin', 'Tin'),
(2, 'Kilogram', 'Kg'),
(3, 'Meter', 'Mtr'),
(4, 'Litre', 'Ltr'),
(5, 'Piece', 'Pc'),
(6, 'Bottle', 'Btl'),
(7, 'Box', 'Bx'),
(8, 'Stripe', 'Strp'),
(9, 'Tab', 'Tab'),
(10, 'UNIT', 'UNIT'),
(11, 'PAIR', 'PAIR'),
(12, 'PACK', 'PACK'),
(13, 'CARTON', 'CTN'),
(14, 'SET', 'SET'),
(15, 'JERRICAN', 'JRCN');

--
-- Dumping data for table `user_category`
--

INSERT INTO `user_category` (`user_category_id`, `user_category_name`) VALUES
(1, 'Administration');

--
-- Dumping data for table `user_detail`
--

INSERT INTO `user_detail` (`user_detail_id`, `user_name`, `user_password`, `first_name`, `second_name`, `third_name`, `user_img_url`, `is_user_locked`, `is_user_gen_admin`, `add_date`, `edit_date`, `user_category_id`, `employee_id`) VALUES
(1, 'admin', 'A5JaD0i4P1J7e8D3i1L2y6q1V9Bny5kia9Fmm9cde8mak9wkZ5T1', 'Admin', 'ASER', '', NULL, 'No', 'Yes', '2014-09-24 23:45:09', '2014-11-02 11:33:01', NULL, NULL),
(2, 'ENMREW', 'i4AwT9RmA0A2e8goe6DdN0RsV4oig6gWk7HBk7P0', 'ENMREW', 'SSERWENYE', '', NULL, 'No', 'Yes', '2014-11-02 22:07:37', '2015-03-25 18:17:55', NULL, NULL),
(3, 'EMWON', 'o3BqV0NXV3k8F0FXN2gXP0cXg9mXq6aXL4PXX3kXN0JXT9HXy8FNc6u9', 'HENENAKE', 'EMWON', '', NULL, 'No', 'No', '2014-11-05 15:48:29', '2015-05-06 19:24:00', NULL, NULL),
(4, 'MEAS', 'i7Hsg0c2i0y1g6w3a1L6o6q2L1o6s8e6Z1y2B0g7J1c7D4L0k6gXy3a3', 'KEHETEREONE', 'MEAS', 'SEM', NULL, 'No', 'Yes', '2014-11-18 18:37:27', '2015-11-05 15:23:57', 1, NULL),
(5, 'KOREHO', 'w4Xqc8coo3J7c1RbP9Xaw8urF1aiq2mkH5FVw6a4', 'KOREHO', 'OLOVER', '', NULL, 'No', 'No', '2014-12-03 10:20:21', '2014-12-03 10:20:21', NULL, NULL),
(6, 'JALOENE', 'o4DiF1ynw0c1V7wao9FiR9cly1Xue4HjA7PeF5Hti9TaD0Lkw5aak4RnN5Pog5D9', 'NEKETE', 'JALOENE', '', NULL, 'No', 'No', '2014-12-05 15:42:24', '2014-12-05 15:42:24', NULL, NULL),
(7, 'system', 'T7aga5X3u0w3s8g2w5c1o5DmX1seo9yts7qsc0Dyu6osZ0mcJ6R9', 'System', 'ASER', '', NULL, 'No', 'Yes', '2014-12-29 18:26:42', '2014-12-29 18:26:42', NULL, NULL),
(8, 'JONEH', 'i6egD6RaB9a3k9adg4AnL3iiV2crw2FuT8itF3Das3HPc3D3', 'ETARONME', 'JOEN', '', NULL, 'No', 'No', '2015-01-15 12:28:41', '2015-11-03 21:18:24', 1, NULL),
(9, 'VONKENT', 'k5Hsg2R6A6H0T8P5T9P4c1c3L0w2Z1N1J7mwe3V3', 'SSEMAKESE', 'VONKENT', '', NULL, 'No', 'No', '2015-02-09 16:42:11', '2015-05-10 19:59:17', NULL, NULL),
(10, 'JETH K', 'u8yFg3BlD4B6F7mam4cgH5wyD7Hbg3LaV3Nbk7HNo5k9', 'KEKORANYE', 'JETH', '', NULL, 'No', 'No', '2015-03-30 14:36:57', '2015-05-01 18:34:24', NULL, NULL),
(11, 'PETROKK', 'k3qyw5c5J8T9u9F4N1F0H4P8a4L1s1A9R0X2u5c7w6w7a8R0y2BBP3e3', 'HYEMAYOSHE', 'PETROKK', '', NULL, 'No', 'Yes', '2015-05-10 19:57:28', '2015-05-11 20:22:32', NULL, NULL),
(12, 'HERHRE', 'H0gkP1m6a3P8P6c9T7T4V0D3H3R0R7g3H1Z4D1J8N2A7H2R0P4NAV3T0', 'KYEROSOOME', 'HERHRE', '', NULL, 'No', 'No', '2015-05-11 09:35:16', '2015-05-11 09:35:16', NULL, NULL),
(13, 'KEROL', 'g8wNB8gaD5H7Z2usA8DaB7gaP9BbJ4Jau7XnJ2VgT0g6', 'NEHEESE', 'KEROL', '', NULL, 'No', 'No', '2015-05-11 10:17:56', '2015-05-11 10:17:56', NULL, NULL),
(14, 'MASOSO', 'k8LeT5a2R3w5F4FaX1TnN6mha3wow5AjA5JFs8y5', 'MASOSO', 'EROK', '', NULL, 'No', 'No', '2015-05-12 09:03:29', '2015-09-10 23:20:52', NULL, NULL),
(15, 'OSEEK', 'a9NXF2i5m5H3T5X0i3c6L4T9L4w2Z6J0R8V4H9Z7B0P7y9J0L2APR1H3', 'TARONEWE', 'OSEEK', '', NULL, 'No', 'No', '2015-05-12 09:05:03', '2015-06-06 19:07:33', NULL, NULL),
(16, 'JAMEE', 'B8Nio1Zeu6m9A5afR6siR4AlH3qyF2mmF3FDi7m1', 'JAME', 'MEYTOMEY', '', NULL, 'No', 'No', '2015-05-12 09:08:22', '2015-05-20 22:41:44', NULL, NULL),
(17, 'EVELYNE', 'H8yTu7R3Z5Z1e9k2Z3c1X0qeT9Tne8DyB8oli6cPk1T0', 'KEMHEHEZO', 'EVELYNE', '', NULL, 'No', 'No', '2015-05-31 14:09:42', '2015-05-31 14:09:42', NULL, NULL),
(18, 'HRENME', 'Z5seL3X1D3m6L5P9k5w7w0o9m2w1V9i3T6g1a6y9L6q7X1L0o9VmD8A3', 'NEYESHE', 'HRENME', '', NULL, 'No', 'No', '2015-11-03 21:17:59', '2015-11-03 21:17:59', 1, NULL),
(19, 'guest', 'T9Lai6N4k3H4e9y3J3a2F5c1P0wtF4ysN3Vem8Rug9kgD6goB6u9', 'Guest', 'General', '', NULL, 'No', 'No', '2017-07-29 17:19:21', '2017-07-29 17:19:21', 1, NULL);
